term,jsd,count_legal,count_popular,neighbours,scaled_jsd
and,0.5537019476271839,986,3014,4,1.0
i,0.6769420625892347,614,3386,24,1.0
him,0.6465057171679802,600,3400,52,1.0
aid,0.8019905058132586,2974,1026,774,0.9883720930232558
tender,0.795174942481578,478,3522,1455,0.9821305841924398
fix,0.7808187699292017,2712,1288,1408,0.9765625
he,0.6722419321821854,808,3192,26,0.9615384615384616
laid,0.6599501593023795,2460,1540,395,0.9569620253164557
like,0.6247274534869994,649,3351,253,0.9565217391304348
life,0.611824100144872,221,3779,230,0.9478260869565217
death,0.6356951830019161,406,3594,398,0.9472361809045227
faith,0.665091938950317,397,3603,707,0.9434229137199435
such,0.6003914499154096,1783,2217,52,0.9423076923076923
new,0.6573829200106034,72,3928,616,0.9383116883116883
whom,0.6064001855451665,1034,2966,250,0.936
sign,0.6904947109008338,679,3321,2247,0.9212283044058746
them,0.5701637175539939,755,3245,45,0.9111111111111111
peace,0.6040712868290156,1380,2620,323,0.9102167182662538
it,0.6045071044683628,984,3016,22,0.9090909090909091
judgment,0.621332690678889,1678,2322,655,0.9083969465648855
blood,0.6236014467980371,146,3854,774,0.9082687338501292
best,0.6018378988478944,1201,2799,376,0.9069148936170213
fled,0.7166757489077513,493,3040,3247,0.9051432091161071
water,0.6091892145329434,263,3737,469,0.9040511727078892
forth,0.6190983668144122,1124,2876,844,0.9016587677725119
providence,0.6274959043899041,360,3640,1189,0.8990748528174937
writing,0.6255021642723024,2245,1755,1063,0.8955785512699906
full,0.6017374852082004,1225,2775,500,0.892
party,0.5933206205989501,1610,2390,741,0.8852901484480432
himself,0.5531637586819422,502,3498,263,0.8783269961977186
house,0.5259230785183159,1356,2644,104,0.875
or,0.5948191521731193,1895,2105,24,0.875
work,0.5843815609182335,367,3633,609,0.8719211822660099
comfort,0.6321190469576082,175,3825,2055,0.8710462287104623
exceeding,0.6196281162544547,2478,1522,1603,0.8702432938240798
returned,0.6002595282297291,909,3091,915,0.8677595628415301
an,0.5574662516871323,1218,2782,45,0.8666666666666667
whole,0.5434053261064231,1014,2986,232,0.8620689655172413
good,0.5230237500319682,486,3514,101,0.8613861386138614
writ,0.6057308867429579,2220,1780,1517,0.8576137112722478
fill,0.6243844142271949,950,3050,2194,0.8546034639927074
resolution,0.5796293764407662,2323,1677,831,0.8531889290012034
current,0.6265003217947629,2125,1875,2384,0.8523489932885906
high,0.5645237481733345,398,3602,431,0.851508120649652
resignation,0.6950425776292356,703,1802,3770,0.8485411140583554
there,0.545520302796674,807,3193,79,0.8481012658227848
try,0.6233976365217996,1188,2812,2267,0.846934274371416
no,0.5551627807860611,1254,2746,51,0.8431372549019608
out,0.5131061156924487,1041,2959,95,0.8421052631578947
affecting,0.6965827230966849,197,2108,3923,0.8401733367320928
papers,0.5592958650763186,2820,1180,701,0.8388017118402282
presence,0.5904947402085261,487,3513,1665,0.8372372372372372
they,0.568510261845722,718,3282,43,0.8372093023255814
a,0.5368927686636931,948,3052,6,0.8333333333333334
passed,0.5562192159687323,2237,1763,456,0.8333333333333334
seized,0.5868199985320957,781,3219,1749,0.8330474556889651
cause,0.5427619009419191,1088,2912,370,0.8324324324324325
s,0.5536535679473954,1043,2957,47,0.8297872340425532
things,0.5428274443126031,315,3685,334,0.8293413173652695
use,0.5417715758147656,1332,2668,369,0.8292682926829268
up,0.5059794371048473,613,3387,133,0.8270676691729323
dock,0.7522671887505082,149,718,3703,0.8236564947339995
public,0.5490908055162178,170,3830,622,0.8215434083601286
arms,0.5494678002694895,886,3114,766,0.8185378590078329
return,0.549121382607619,1071,2929,584,0.8184931506849316
issue,0.5771601192970501,2533,1467,1501,0.8174550299800133
entered,0.5647904727721819,1484,2516,985,0.8142131979695432
inferior,0.5903594078432701,1476,2524,2230,0.8085201793721973
contrary,0.5396720811556371,1407,2593,747,0.8058902275769746
lay,0.5375248691581452,980,3020,726,0.8057851239669421
nature,0.5243302554780519,474,3526,302,0.804635761589404
witness,0.5781933043147683,939,3061,1839,0.8020663404023926
care,0.5374818540404264,666,3334,670,0.8014925373134328
gold,0.5700787209885737,762,3238,1628,0.800982800982801
returns,0.5942146113879581,1560,2440,2594,0.7991518889745567
together,0.5336218170190378,877,3123,537,0.7988826815642458
writings,0.6044774406145957,758,3242,2888,0.7970914127423823
choice,0.565832097207947,866,3134,1605,0.7962616822429907
others,0.5236048695663335,749,3251,309,0.7928802588996764
said,0.5507522197251483,2098,1902,48,0.7916666666666666
day,0.49156672815463065,1161,2839,96,0.7916666666666666
common,0.5280461298226568,1122,2878,404,0.7896039603960396
delaware,0.5517808496324748,2143,1857,1233,0.7891321978913219
domestic,0.6861407180871721,42,1540,4197,0.7884203002144389
journal,0.5892878989152186,2965,1035,2693,0.7816561455625696
concurrence,0.5893768433090942,2544,1456,2817,0.7795527156549521
post,0.5590700415422435,1810,2190,1565,0.7795527156549521
confession,0.6388950578707293,304,2330,3700,0.7778378378378379
being,0.4987437899847409,1050,2950,90,0.7777777777777778
age,0.5255146631136662,598,3402,662,0.7764350453172205
advice,0.5572707632778007,1150,2850,1476,0.7757452574525745
counsel,0.5882374093373068,818,3182,2836,0.7736248236953456
account,0.5234972666361962,1357,2643,374,0.7727272727272727
judge,0.5251241397417896,1540,2460,680,0.7676470588235295
state,0.48673289246541523,1834,2166,90,0.7666666666666667
twice,0.5853392703480165,1107,2893,2859,0.7646030080447709
directed,0.5283240708512915,1598,2402,813,0.7626076260762608
heads,0.5676621806986539,506,3494,2171,0.7623215108245048
attendance,0.5724694675425454,1497,2503,2455,0.7621181262729124
own,0.49020296740755,523,3477,150,0.76
large,0.5241202203283701,548,3452,443,0.7562076749435666
ministers,0.5339744731007718,787,3213,1276,0.7554858934169278
notwithstanding,0.5328569030001978,1027,2973,1247,0.7522052927024859
person,0.4929891510593004,2019,1981,197,0.751269035532995
acceptance,0.6306857654346312,786,1584,3877,0.7485168945060614
original,0.5333929913162447,1614,2386,1347,0.7453600593912398
behavior,0.5570324118493304,655,3345,2178,0.7424242424242424
thing,0.5099905133608622,620,3380,323,0.739938080495356
pass,0.5248485906402106,1056,2944,901,0.7391786903440621
war,0.5025049027414485,1695,2305,253,0.7391304347826086
vest,0.6682677689227182,571,831,4186,0.7386526516961299
chief,0.5235680622598987,1293,2707,849,0.7385159010600707
authority,0.5146254065195466,2039,1961,347,0.7377521613832853
favor,0.5179658485144344,1360,2640,651,0.7373271889400922
call,0.5147286103186551,683,3317,763,0.7352555701179554
my,0.527335186800914,158,3842,52,0.7307692307692307
people,0.48522747934215893,621,3379,129,0.7286821705426356
process,0.5533970433313502,2351,1649,2413,0.7252382925818484
religion,0.5023985162386765,131,3869,626,0.7220447284345048
all,0.5394844474257604,799,3201,43,0.7209302325581395
do,0.4786226427193994,739,3261,93,0.7204301075268817
sitting,0.5624262682734957,879,3121,2781,0.7202445163610213
soldier,0.5469453850654507,1458,2542,2159,0.7179249652616952
king,0.5020172330210552,661,3339,357,0.7142857142857143
principal,0.5190285208232012,1270,2730,1126,0.7140319715808171
seat,0.5350205093964079,1036,2964,1805,0.7135734072022161
open,0.5123126623227995,663,3337,818,0.7127139364303179
so,0.5271902438303506,775,3225,52,0.7115384615384616
as,0.5387891310316872,1049,2951,24,0.7083333333333334
net,0.629701555510083,952,747,4158,0.7049062049062049
his,0.5391294111856973,659,3341,27,0.7037037037037037
approved,0.5443484729037708,2021,1979,2231,0.7028238458090542
meeting,0.4993350408760234,813,3187,655,0.7007633587786259
each,0.48732384126067746,1609,2391,209,0.6985645933014354
certain,0.4930897739821675,1381,2619,409,0.6968215158924206
execution,0.49921704322424376,1939,2061,761,0.6964520367936925
themselves,0.4870773428679504,515,3485,303,0.693069306930693
kind,0.49615938067209325,569,3431,563,0.6927175843694494
who,0.525980498847697,667,3333,52,0.6923076923076923
just,0.4997502645116684,523,3477,432,0.6921296296296297
ourselves,0.5096680001443353,364,3636,1112,0.6915467625899281
form,0.49166209863805643,1024,2976,597,0.6901172529313233
application,0.5200199805253384,1648,2352,1486,0.6870794078061911
flee,0.6661448773326323,83,879,3881,0.6869363566091213
pro,0.550221222347715,3268,732,2994,0.6847027388109552
silver,0.5209133151709066,834,3166,1730,0.684393063583815
private,0.5007726282050192,1141,2859,852,0.681924882629108
direct,0.511964871592929,1397,2603,1376,0.6816860465116279
clear,0.5082622153101802,624,3376,1289,0.6811481768813034
rule,0.5066226822717884,1312,2688,1229,0.6810414971521562
then,0.473923103437416,729,3271,93,0.6774193548387096
punishment,0.5156315290485135,661,3339,1483,0.677006068779501
both,0.48214740136527123,616,3384,300,0.6766666666666666
civil,0.49774529025594627,914,3086,905,0.6740331491712708
supreme,0.5025573702480008,1732,2268,1179,0.6726039016115352
suits,0.5645096740171738,2040,1255,3359,0.6716284608514439
offense,0.514005946314774,2213,1787,1535,0.6697068403908795
square,0.5429499982141273,628,3372,2834,0.6665490472829922
capital,0.5300449442896089,1016,2984,2200,0.6659090909090909
alone,0.49530823053344053,473,3527,930,0.6655913978494624
escaping,0.6807235739401463,124,588,3316,0.6646562123039808
act,0.4842554125120502,1890,2110,226,0.6637168141592921
cruel,0.5295648931600656,177,3823,2194,0.6631722880583409
than,0.47449774903733516,738,3262,89,0.6629213483146067
every,0.4858248028229808,1068,2932,83,0.6626506024096386
may,0.5206148296175107,1248,2752,50,0.66
counted,0.6433101637128346,236,818,3985,0.6582183186951066
returning,0.5371877464589514,982,3018,2686,0.6574832464631423
numbers,0.5107010673666783,779,3221,1748,0.6561784897025171
union,0.4931958529231761,1532,2468,949,0.6522655426765016
labor,0.49507929288177205,641,3359,1297,0.646106399383192
exercise,0.4936246548662336,908,3092,1181,0.6460626587637596
otherwise,0.48965991313615187,1401,2599,920,0.6456521739130435
further,0.4759897397433292,2235,1765,321,0.6417445482866043
qualification,0.618220728658504,468,827,4170,0.6412470023980815
discoveries,0.5911457731653145,95,1761,4110,0.6401459854014598
progress,0.5114126540538126,667,3333,1876,0.6391257995735607
ex,0.5459520757501097,2471,991,3277,0.6389990845285322
hold,0.4881889201846289,1077,2923,903,0.6389811738648948
yards,0.5551156764124987,265,2680,3553,0.6360821840698002
within,0.474899529598936,2175,1825,239,0.6359832635983264
elector,0.6615473640485182,91,654,3396,0.6357479387514723
limb,0.6485339362205018,154,702,3676,0.6343852013057671
indian,0.4915425724690756,1293,2707,1280,0.634375
several,0.47277102076462024,1311,2689,243,0.6337448559670782
power,0.4754819645780076,1129,2871,161,0.6335403726708074
records,0.5283461970804639,2523,1477,2686,0.6332836932241251
acts,0.48923037888412313,1288,2712,992,0.6330645161290323
standard,0.5523609682543904,658,2357,3498,0.6309319611206403
end,0.4765010682708683,745,3255,469,0.6289978678038379
same,0.4666993808643864,898,3102,97,0.6288659793814433
accordingly,0.4906133664714635,1435,2565,1303,0.6285495011511896
press,0.5171311416771552,679,3321,2457,0.6275946275946276
enter,0.48850879358534605,1209,2791,1059,0.6270066100094429
over,0.46855614323134953,608,3392,268,0.6268656716417911
legislative,0.49919764722855625,2236,1764,1749,0.6260720411663808
perfect,0.4941189358757143,307,3693,1413,0.6256192498230715
by,0.5072980813861515,1263,2737,24,0.625
herein,0.49823615776099567,2880,1120,1639,0.6241610738255033
put,0.47487766403864157,705,3295,345,0.6231884057971014
new york,0.47323358417411,1437,2563,641,0.6224648985959438
discipline,0.5264080798158515,553,3447,2896,0.6208563535911602
owner,0.48834409628971026,1828,2172,1244,0.6205787781350482
trust,0.48675956988293584,794,3206,1121,0.6190900981266726
determined,0.4836543429504035,874,3126,1082,0.6182994454713494
shall,0.5027788941545893,1687,2313,47,0.6170212765957447
order,0.47201230562708096,1557,2443,232,0.6163793103448276
service,0.46765190467135515,1734,2266,614,0.6156351791530945
case,0.46744563923913607,1898,2102,260,0.6153846153846154
this,0.5317798896173827,1031,2969,26,0.6153846153846154
corruption,0.5229747697405368,541,3459,2892,0.6130705394190872
parts,0.4666232631719449,757,3243,624,0.6105769230769231
assembled,0.49549519581624457,2048,1952,1689,0.6098283007696862
absence,0.5157166497751239,1172,2828,2655,0.608286252354049
entitled,0.47705770700894135,3002,998,924,0.6082251082251082
testimony,0.49591314018129934,580,3420,1803,0.6073211314475874
rhode island,0.5039590650849913,2151,1849,2080,0.6067307692307692
we,0.5010724182080744,422,3578,48,0.6041666666666666
north carolina,0.49483587756183894,2896,1104,1769,0.6037309214245337
religious,0.4831893985872718,329,3671,1330,0.6007518796992481
affirm,0.5636213888334789,659,1609,3948,0.6005572441742655
training,0.6666428984403925,284,265,2734,0.6002194586686174
in,0.5204625629431685,1009,2991,5,0.6
tried,0.5030190756085816,1358,2642,2153,0.5996284254528564
speech,0.5014278411060038,1080,2920,2093,0.599617773530817
criminal,0.507206499896372,1275,2725,2511,0.5985663082437276
enemies,0.4758309365610611,518,3482,1073,0.5908667287977633
qualifications,0.5603362666995447,654,1555,3963,0.5907141054756497
petition,0.4632789396447972,3257,743,644,0.5900621118012422
excessive,0.5569428004474435,227,2040,3947,0.5890549784646567
south carolina,0.49018883595688395,2684,1316,1576,0.5881979695431472
prince,0.47794687847980083,492,3508,1329,0.5876598946576373
bear,0.4754269139775764,503,3497,1133,0.5869373345101501
land,0.45888578155684023,1268,2732,263,0.5855513307984791
seats,0.5644365044210015,462,1456,4096,0.5849609375
grant,0.47347706290368363,1957,2043,1040,0.5846153846153846
divided,0.49065683423778544,1379,2621,1769,0.5845110231769362
general,0.4627996914054843,1779,2221,101,0.5841584158415841
law,0.46650740210146446,1824,2176,197,0.583756345177665
bound,0.47104578859432933,960,3040,968,0.5836776859504132
created,0.511518949685584,786,3214,2911,0.5822741326004809
justice,0.4642162812337286,1090,2910,495,0.5818181818181818
having,0.4661738676605373,861,3139,215,0.5813953488372093
effects,0.4733603857113007,417,3583,1134,0.5811287477954145
before,0.4529753045934936,1231,2769,90,0.5777777777777777
credit,0.4708996004581257,1825,2175,987,0.5775075987841946
section,0.4897669673340268,2328,1672,1811,0.5764770844837107
nobility,0.5639739519948664,248,1596,4114,0.5763247447739427
those,0.4636942418887739,636,3364,94,0.574468085106383
either,0.46033672199216197,1175,2825,383,0.5744125326370757
times,0.45856580825669935,672,3328,640,0.5734375
suspended,0.5376233506107629,815,1935,3645,0.5722908093278464
branch,0.4869045479024623,1554,2446,1805,0.5717451523545707
authors,0.5176034524290806,298,3369,3185,0.5708006279434851
question,0.4544815223304181,2022,1978,624,0.5705128205128205
names,0.4818584483042379,1404,2596,1503,0.5701929474384564
extraordinary,0.4840137183241171,614,3386,1724,0.568445475638051
conviction,0.4971960610710844,805,3195,2525,0.5683168316831683
into,0.4717883268543195,950,3050,83,0.5662650602409639
expire,0.584590840858169,428,889,4174,0.5634882606612363
calling,0.494024080111585,976,3024,2431,0.5631427396133278
tribes,0.5121734189799579,925,2874,3118,0.5618986529826812
witnesses,0.4933267026053533,1509,2491,2298,0.5613577023498695
swear,0.5159335801692779,1026,2429,3282,0.5591102985984155
virginia,0.4610479353396905,2096,1904,857,0.558926487747958
crimes,0.4926322184216062,1020,2980,2247,0.5585224744103249
provided,0.4498511079277324,2618,1382,660,0.55
plantations,0.49584130779285596,1212,2788,2834,0.547635850388144
letters,0.4611307832270994,1333,2667,985,0.5461928934010152
prejudice,0.4990482686060822,713,3287,2997,0.5452118785452119
duty,0.44937355680853447,1561,2439,415,0.5445783132530121
uniform,0.5181121792710943,1058,2034,3461,0.5437734758740248
once,0.44702328297394106,412,3588,634,0.5425867507886435
infamous,0.5487386822437501,152,1683,4115,0.5421628189550425
least,0.44742106382592556,694,3306,593,0.5396290050590219
meet,0.457058689534997,941,3059,902,0.5388026607538803
one,0.479127506583131,1151,2849,52,0.5384615384615384
continuance,0.48771377805678323,1490,2510,2478,0.5383373688458434
absent,0.515317085360031,1151,2014,3429,0.5377661125692622
free,0.445510385539665,748,3252,594,0.5336700336700336
bail,0.5146835401967014,2178,955,3450,0.5327536231884058
claims,0.4735065214665994,2321,1679,1809,0.5317855168601437
desire,0.45521944163673334,551,3449,915,0.5300546448087432
blessings,0.47840451056366573,205,3795,2122,0.5235626767200754
raise,0.4701152717982635,944,3056,1712,0.5233644859813084
seas,0.5026947317559096,868,2583,3287,0.5232735016732583
whose,0.44243259658420897,529,3471,419,0.5202863961813843
recess,0.5573426817656154,701,715,4190,0.5171837708830549
junction,0.6075575220020045,117,601,3330,0.5159159159159159
proceed,0.4541455619131455,1429,2571,1038,0.5144508670520231
discharge,0.45811591782684913,1915,2085,1357,0.5136330140014739
test,0.5376144291953202,388,1468,4110,0.5136253041362531
ordain,0.5643123596324792,282,932,4137,0.5114817500604303
due,0.44038290910112043,2112,1888,554,0.5108303249097473
agree,0.4623548949523208,2145,1855,1478,0.5074424898511503
privileged,0.6562644622819924,109,279,2027,0.5046867291563888
delivered,0.44796006790852666,1528,2472,953,0.5026232948583421
services,0.4637586065898016,2061,1939,1540,0.5025974025974026
searches,0.6901350793698496,49,221,1423,0.5024595924104006
establishment,0.46620066065549837,1561,2439,1807,0.5013835085777532
taxed,0.5220341142786882,1255,1038,3929,0.5008908119114278
drawn,0.4516932368175292,1411,2589,1247,0.5004009623095429
subject,0.4396215547786994,1185,2815,376,0.5
laws,0.44362885643850125,1702,2298,332,0.5
sent,0.4373504382172105,735,3265,560,0.5
the,0.4951923958546893,1291,2709,2,0.5
court,0.44653807943520013,2772,1228,150,0.5
governing,0.5517317455394205,328,1053,4182,0.4997608799617408
arts,0.47002955649074024,334,3666,2149,0.498371335504886
rebellion,0.5006477266192428,449,2542,3516,0.49829351535836175
trial,0.4496275187594356,1677,2323,1215,0.49547325102880657
holding,0.46928453178999563,2116,1884,2196,0.4949908925318761
whereof,0.46849256314297083,1797,2203,2019,0.4947994056463596
executed,0.46880708389661263,1584,2416,2194,0.49225159525979945
duties,0.43651990143125113,2060,1940,741,0.49122807017543857
present,0.4424670736115392,1220,2780,226,0.4911504424778761
disagreement,0.6057792908604676,364,243,2976,0.4899193548387097
chosen,0.44781846860724644,1655,2345,1229,0.4882017900732303
sealed,0.5246383736587771,637,1299,4098,0.4873108833577355
rules,0.45886947566183156,1734,2266,1583,0.48704990524320907
manner,0.4380047072905248,1391,2609,267,0.4868913857677903
needful,0.534036459116478,286,1398,4166,0.485597695631301
composed,0.4689626317559461,528,3472,2584,0.48335913312693496
concerning,0.44425121509652793,919,3081,1190,0.4831932773109244
contracted,0.4958040420701697,807,2273,3461,0.48309737070210923
thousand,0.4366445852327795,1962,2038,441,0.48299319727891155
also,0.4412340072906747,1032,2968,189,0.48148148148148145
business,0.4346245676378564,1152,2848,564,0.4804964539007092
places,0.43694828498158256,1042,2958,807,0.4795539033457249
encreased,0.5671988307902043,63,953,3937,0.4792989585979172
term,0.44785533054121524,2487,1513,1330,0.4774436090225564
at,0.5028282385536301,902,3098,44,0.4772727272727273
secrecy,0.5395452839312477,381,1058,4198,0.4761791329204383
reserved,0.488486326094967,1197,2103,3359,0.473652872878833
unusual,0.5349400814134002,165,1343,4216,0.47343453510436434
pardons,0.6336974824644594,113,305,2171,0.47305389221556887
excepted,0.47991784470476445,1677,1990,3185,0.46938775510204084
first,0.4407615822681573,905,3095,130,0.46923076923076923
found,0.4352887991417518,800,3200,307,0.46905537459283386
retained,0.5070610378068406,727,1650,3871,0.46887109274089384
preside,0.5643796919534744,230,692,3808,0.46034663865546216
consideration,0.42980842173714207,2088,1912,671,0.45752608047690013
profit,0.46685087711639794,801,3199,2919,0.45597807468311063
its,0.4408534622674013,630,3370,112,0.45535714285714285
therein,0.43400248887007137,2391,1609,898,0.45434298440979953
adding,0.5003651147506863,633,1763,3860,0.45414507772020724
receipts,0.48899605418656256,2186,648,3602,0.45113825652415324
mentioned,0.4318984998219731,1865,2135,524,0.45038167938931295
certify,0.5061134296974305,1484,670,3981,0.4501381562421502
another,0.43386977488594347,699,3301,300,0.45
describing,0.552424441555228,246,780,3950,0.44936708860759494
ever,0.4325369051512046,367,3633,296,0.44932432432432434
amendment,0.4481719025740031,3340,660,1774,0.44532130777903045
raising,0.4546587634399118,1508,2492,2420,0.44421487603305787
longer,0.4329979735489274,697,3303,1066,0.4427767354596623
roads,0.4543998945975763,2336,1664,2267,0.44243493603881784
after,0.4351916939374742,1086,2914,104,0.4423076923076923
representation,0.4531948857365127,1889,2111,2166,0.44182825484764543
persons,0.4354321464897917,1826,2174,209,0.44019138755980863
borrow,0.5130972273766262,811,965,4142,0.44012554321583774
immediately,0.4244623350010459,759,3241,625,0.44
enjoy,0.44238113489946274,653,3347,1484,0.4380053908355795
title,0.4403706972667354,1375,2625,1460,0.43767123287671234
charged,0.4500662378812288,1899,2101,1926,0.43665628245067495
equity,0.46191139810661436,1943,2057,3021,0.4346242965905329
oath,0.43115670257347305,2614,1386,1031,0.4335596508244423
on,0.49499906730842075,1237,2763,30,0.43333333333333335
whatsoever,0.44322274885143625,2043,1957,1618,0.43325092707045737
going,0.43107318347312273,562,3438,1103,0.43245693563009974
preserved,0.45301622169869377,474,3526,2564,0.43174726989079565
follows,0.4424456218536765,1766,2234,1556,0.43123393316195374
maryland,0.43169692786576835,2157,1843,1275,0.43058823529411766
honor,0.42716905491713714,457,3543,556,0.42985611510791366
liberty,0.42715138398795516,641,3359,461,0.42733188720173537
science,0.45636147546408395,198,3802,2936,0.4271117166212534
powers,0.4243690214692506,1656,2344,651,0.4270353302611367
bankruptcies,0.7058775076856207,52,81,703,0.42532005689900426
liable,0.44217939938503753,2419,1581,1609,0.42510876320696084
courts,0.428604257117755,2594,1406,854,0.42505854800936765
cases,0.42450238487451064,1862,2138,698,0.42406876790830944
our,0.46990525306078246,521,3479,52,0.4230769230769231
next,0.42756789695634356,1430,2570,289,0.42214532871972316
inability,0.5128393459435464,466,1142,4188,0.42191977077363896
freedom,0.4303459980759712,389,3611,1297,0.41942945258288356
upon,0.45503320302403194,974,3026,74,0.4189189189189189
offices,0.439038363431338,1936,2064,1712,0.4182242990654206
proceedings,0.4277612617941023,2154,1846,1244,0.41559485530546625
claim,0.430813275271221,1465,2535,1359,0.41501103752759383
wherein,0.43871305491910884,1251,2749,1679,0.41453245979749853
any,0.4712238484764808,1728,2272,46,0.41304347826086957
regular,0.44468624750024566,1012,2988,2159,0.412227883279296
emit,0.6129171848166521,201,183,2009,0.4091587854654057
for,0.4962254240812214,1362,2638,22,0.4090909090909091
keep,0.42119418401695674,904,3096,734,0.4087193460490463
constitution,0.4221465848611668,1556,2444,465,0.40860215053763443
georgia,0.4371962177758231,2454,1546,1663,0.40829825616355986
list,0.4458427766049762,1278,2722,2553,0.4073638856247552
affect,0.46204873308480243,698,2714,3304,0.40587167070217917
connecticut,0.4345017291590949,2192,1808,1582,0.40581542351453853
part,0.4299047543821559,1252,2748,138,0.4057971014492754
massachusetts,0.4260755490846877,2231,1769,1276,0.4051724137931034
security,0.4247922635880436,1668,2332,1103,0.4043517679057117
expel,0.5753883952599689,114,453,2805,0.4032085561497326
imports,0.4992958350301589,906,823,4160,0.40192307692307694
army,0.4186273904427415,1620,2380,601,0.40099833610648916
debate,0.44459483741475575,2314,1686,2651,0.4009807619766126
discharged,0.4408688764732014,1973,2027,2077,0.4000962927298989
naval,0.4426859575037765,2617,1383,2573,0.39759036144578314
second,0.42076983639238397,1179,2821,489,0.3967280163599182
thereof,0.4236397445818006,2793,1207,358,0.39385474860335196
required,0.4176517107010662,2427,1573,748,0.3917112299465241
choose,0.4308019620341739,1021,2979,1749,0.389937106918239
made,0.41824505645646687,1321,2679,90,0.3888888888888889
where,0.42340629298882626,944,3056,126,0.3888888888888889
commission,0.4302251229986917,1352,2648,1730,0.3872832369942196
tax,0.42101488968641393,2794,1206,1049,0.38608198284080075
nays,0.44147237646301973,3467,533,2855,0.38458844133099823
held,0.41755454097768885,1607,2393,789,0.3840304182509506
nor,0.4218816937035729,667,3333,238,0.38235294117647056
controversy,0.4544582763663706,858,2417,3366,0.3805704099821747
value,0.4185755144874389,1831,2169,874,0.37986270022883295
year,0.41957560320811516,1733,2267,301,0.3787375415282392
presented,0.4267058470785855,1420,2580,1620,0.37839506172839504
indians,0.4144159897808195,968,3032,788,0.37817258883248733
nevertheless,0.43717546656697837,1305,2695,2582,0.3772269558481797
collect,0.4588152274429675,978,1930,3564,0.37542087542087543
proved,0.4251604644259478,948,3052,1500,0.37533333333333335
demand,0.426123460035166,1737,2263,1617,0.3747680890538033
houses,0.4175894377222923,1119,2881,895,0.3743016759776536
weights,0.5159843058946916,596,559,4066,0.37407771765863257
what,0.4315198296268992,549,3451,83,0.37349397590361444
their,0.4874700262419497,790,3210,43,0.37209302325581395
limited,0.433248973247036,2026,1974,2284,0.37084063047285465
committed,0.414821056884911,1953,2047,903,0.3687707641196013
pay,0.41503000880542384,2340,1660,297,0.367003367003367
removed,0.42418716476285795,1149,2851,1543,0.3668178872326636
arrest,0.48019412734530614,944,992,4098,0.3665202537823328
alter,0.4355424205031133,2043,1957,2859,0.36621196222455404
temporary,0.44666262342710383,1212,2267,3267,0.36608509335782063
right,0.41569726027147985,1133,2867,293,0.3651877133105802
marque,0.5240167556039806,353,578,3827,0.3634700810033969
days,0.41325911571468993,889,3111,375,0.3626666666666667
receive,0.41297856037379443,1498,2502,520,0.36153846153846153
inspection,0.4694364854236364,834,1392,3955,0.361314791403287
likewise,0.41424844609781264,390,3610,1079,0.35959221501390176
adhering,0.5485197751313686,169,431,2947,0.3576518493383101
subjects,0.4135391480848517,624,3376,864,0.3541666666666667
be,0.5006777367100457,1555,2445,17,0.35294117647058826
removal,0.43439515533346457,1947,2053,2954,0.3527420446851727
resident,0.47299295233505123,1145,804,4085,0.35177478580171356
concerned,0.42391119104585895,981,3019,1990,0.349748743718593
enumeration,0.5006814657008855,747,497,4163,0.3497477780446793
overt,0.5934929723629554,147,210,1872,0.34935897435897434
alliance,0.4401608606125006,863,2728,3227,0.3492407809110629
other,0.43664050767902385,1312,2688,69,0.34782608695652173
coin,0.46513340091329514,1420,774,3974,0.3475088072471062
forfeiture,0.46157768415034933,1764,589,3888,0.3469650205761317
compensation,0.425167465622234,2601,1399,2395,0.3465553235908142
choosing,0.4688633966006354,522,1507,4046,0.3462679189322788
inhabitant,0.44982060140292096,1689,1182,3579,0.3461860854987427
valid,0.46146501415900965,1654,658,3915,0.34533844189016605
which,0.48261919203888837,839,3161,29,0.3448275862068966
foregoing,0.42824682605758874,1512,2488,2865,0.343804537521815
from,0.4830510821211872,947,3053,32,0.34375
employed,0.4093077707645398,1293,2707,1040,0.3403846153846154
execute,0.4229826777970867,2321,1679,2133,0.340365682137834
grand jury,0.5022408030397271,553,615,4084,0.3396180215475024
citizen,0.4202741175616298,1466,2534,1914,0.3375130616509927
under,0.4178361109261547,1190,2810,120,0.3333333333333333
of,0.49141561318852384,1197,2803,3,0.3333333333333333
that,0.5063437907078256,1071,2929,12,0.3333333333333333
speedy,0.43792757615189565,802,2607,3304,0.33171912832929784
searched,0.529214949430838,100,611,3309,0.33091568449682685
following,0.4059554325865187,1369,2631,415,0.3301204819277108
effect,0.40242716787809085,940,3060,747,0.3293172690763052
granted,0.4045720947326754,2298,1702,867,0.328719723183391
exceptions,0.4775711085565632,707,905,4187,0.32744208263673275
smaller,0.4501974436157128,608,1886,3775,0.32741721854304634
sole,0.42546083263121454,1294,2706,2942,0.32732834806254246
number,0.4073450354618212,1139,2861,358,0.3268156424581006
called,0.40830174763466653,852,3148,334,0.3263473053892216
delay,0.4189567392674016,1514,2486,2241,0.32262382864792505
census,0.5101295999816877,681,232,3785,0.32179656538969614
purposes,0.402398439778438,1881,2119,1182,0.3206429780033841
regulated,0.44459199300545893,1023,1603,3706,0.3202914193200216
ambassadors,0.48834913871826235,375,913,4167,0.31845452363810894
formed,0.4021944067933984,724,3276,1135,0.31718061674008813
now,0.4040980580201897,584,3416,101,0.31683168316831684
arming,0.5161113268717263,487,314,3545,0.3165021156558533
consist,0.41964728166966236,1515,2485,2753,0.316382128586996
election,0.4108520844715631,1255,2745,1582,0.31605562579013907
crime,0.4164805207943516,763,3237,2173,0.31569259088817303
breach,0.4237594410965964,1792,2208,2994,0.3152972611890448
useful,0.4079416997904596,456,3544,1464,0.31489071038251365
disorderly,0.49735673010417136,342,736,4001,0.31317170707323166
impartial,0.4403638581383763,465,2276,3645,0.31165980795610426
privilege,0.41509417186192693,1155,2845,2398,0.31067556296914095
punishments,0.45533550213211615,240,1782,4053,0.308906982482112
naturalization,0.5134263639605511,586,201,3508,0.30843785632839227
repassed,0.6952709002828782,15,66,425,0.30823529411764705
nothing,0.40300880550185864,494,3506,381,0.30708661417322836
punish,0.4334528091411601,652,2511,3432,0.3068181818181818
danger,0.4013363952189623,707,3293,920,0.3065217391304348
buildings,0.4154483200707786,1414,2586,2613,0.3061615001913509
faithfully,0.43369545456653247,1035,2076,3458,0.305668016194332
think,0.4054798018352468,773,3227,321,0.3052959501557632
tranquility,0.42813012743570356,470,3021,3260,0.3042944785276074
adoption,0.4493354370898868,985,1200,3978,0.30417295123177474
particular,0.39839088798340966,908,3092,619,0.3037156704361874
quartered,0.5238832241574172,158,474,3080,0.30064935064935067
preference,0.44274547446807216,731,1695,3833,0.29793895121314895
well,0.40522739623869447,520,3480,141,0.2978723404255319
posterity,0.4150622776126606,285,3715,2831,0.29777463793712466
office,0.400151969712102,2252,1748,441,0.29705215419501135
thereby,0.40609290121994124,1261,2739,1628,0.2966830466830467
new hampshire,0.40763091674701835,2447,1553,1994,0.29638916750250754
nations,0.39732200395717704,1080,2920,645,0.2961240310077519
proportion,0.39741554004982715,1572,2428,1068,0.2949438202247191
accused,0.440927924769962,413,2005,3838,0.29233976029181863
during,0.40041862407333334,1294,2706,572,0.291958041958042
published,0.40429224832425614,529,3471,1583,0.2912192040429564
information,0.39682855246932747,1677,2323,1077,0.2906220984215413
support,0.39572674691639137,1103,2897,695,0.2892086330935252
defense,0.39595773405190576,1378,2622,1180,0.2889830508474576
hundred,0.40260346264242,2354,1646,284,0.2887323943661972
emoluments,0.4821419702657383,738,464,4112,0.28866731517509725
obligation,0.4098765179722731,1358,2642,2565,0.2884990253411306
exceed,0.4098634948085448,2039,1961,2652,0.28846153846153844
judges,0.3976748410428651,1791,2209,1338,0.28774289985052315
supported,0.4073520068589687,855,3145,2054,0.28773125608568645
more,0.4166676243991262,618,3382,80,0.2875
safety,0.4000784793473687,975,3025,1451,0.28738800827015853
equal,0.39427208499806243,1187,2813,796,0.2864321608040201
money,0.40242769199645556,1937,2063,318,0.2861635220125786
emolument,0.4963384168240798,256,644,3764,0.28480340063761955
assistance,0.4026728652212684,465,3535,1615,0.28421052631578947
unreasonable,0.4432890686708715,424,1662,4025,0.2809937888198758
bribery,0.5205552291706577,191,382,2832,0.2800141242937853
only,0.39817622884606685,666,3334,104,0.27884615384615385
agreement,0.40735713334390083,1476,2524,2545,0.2785854616895874
invaded,0.4741538894611098,241,1014,4166,0.27796447431589055
paid,0.3979653928127526,2170,1830,367,0.27520435967302453
time,0.4148445685907437,1212,2788,80,0.275
forts,0.4592633961128964,551,985,4203,0.27456578634308826
answer,0.3911746811488968,898,3102,623,0.27287319422150885
new jersey,0.3967641768382063,1993,2007,1455,0.27079037800687283
numerous,0.4011762321688757,409,3591,1877,0.27064464571124136
imposed,0.40733355758413675,1557,2443,2822,0.26966690290574064
most,0.38843112312229083,425,3575,104,0.2692307692307692
disability,0.5074330807837903,569,94,3174,0.2684310018903592
prior,0.4350793406628352,1096,1141,3955,0.2672566371681416
had,0.4210214732168577,671,3329,45,0.26666666666666666
obliged,0.39185607268490086,768,3232,951,0.26603575184016826
extend,0.3995664037634466,1802,2198,1936,0.26394628099173556
erection,0.5219935260499577,244,273,2612,0.26378254211332314
declaring,0.4112561563857864,1432,2360,3119,0.26162231484450144
vessels,0.3880914410245898,1270,2730,723,0.26141078838174275
maintain,0.4003629144793099,1048,2952,2219,0.2609283461018477
is,0.4808620436594627,753,3247,23,0.2608695652173913
class,0.40294196091894274,1146,2854,2583,0.2605497483546264
control,0.4112422931369669,1147,2541,3172,0.25851197982345525
maritime,0.45149363021589395,727,837,4205,0.2568370986920333
deem,0.43515944213811447,1050,1014,4037,0.2566262075798861
america,0.3920327189986015,798,3202,441,0.2562358276643991
compact,0.4318388108077613,749,1465,3962,0.25593134780413934
established,0.38602629052467413,1035,2965,1141,0.25503943908851884
accusation,0.46005415519496884,150,1218,4177,0.25448886760833134
suffrage,0.4812677085648431,498,504,3920,0.2543367346938776
treasury,0.38477361900414886,3324,676,796,0.2537688442211055
arising,0.3966719054012672,2044,1956,2046,0.2512218963831867
defend,0.3973732936783161,907,3093,2319,0.25053902544200085
members,0.3816202021639053,1645,2355,660,0.25
classes,0.43097667846191534,575,1565,3990,0.24686716791979949
claiming,0.4473338173365871,1009,535,4203,0.24601475136807044
foreign,0.376216061057147,2062,1938,744,0.24193548387096775
judicial,0.3989786747236147,2600,1400,2814,0.24093816631130063
purpose,0.3855898890701925,1420,2580,468,0.23931623931623933
lands,0.3823909873289881,2299,1701,511,0.23874755381604695
originate,0.47977222597563923,310,586,3756,0.23588924387646432
armies,0.3951335842760663,735,3265,2608,0.23542944785276074
engage,0.3960078500148597,687,3313,2773,0.23440317345834835
place,0.39987377693628595,1011,2989,201,0.23383084577114427
dispose,0.40522102062027254,1117,2542,3194,0.2332498434564809
appointment,0.38701150563828457,2161,1839,1787,0.23223279238947958
grants,0.402834544830553,2008,1767,3128,0.2311381074168798
recommend,0.39301185790455034,874,3126,2566,0.23070927513639908
secure,0.3812669891128485,983,3017,1548,0.2280361757105943
privileges,0.3848682665741609,1115,2885,1702,0.22796709753231492
attained,0.4315842586236503,242,1604,4112,0.22738326848249027
prescribed,0.39886526857793675,2051,1928,3043,0.22674991784423265
articles,0.3756558801390359,1758,2242,831,0.2250300842358604
sufficient,0.37198195182062477,1421,2579,640,0.225
warrants,0.4040770364804136,2747,795,3244,0.22318125770653513
approve,0.40520878500398383,991,2413,3309,0.22272589906316106
ships,0.37168964579300695,995,3005,1141,0.22173531989482909
apportioned,0.48655482327824146,602,104,3294,0.2204007285974499
magazines,0.4624119405031774,515,555,3993,0.2198847983971951
property,0.37558357344031157,1441,2559,554,0.2184115523465704
relating,0.38890885920086304,1793,2207,2847,0.2146118721461187
piracies,0.5458151429207911,177,131,1624,0.21428571428571427
whatever,0.36962238092540467,854,3146,902,0.2139689578713969
writs,0.40711070611606937,2111,771,3576,0.2139261744966443
particularly,0.36859091542282596,705,3295,1011,0.21364985163204747
insurrections,0.4846444998958617,228,452,3213,0.21070650482415187
consent,0.36681749652922385,1525,2475,1201,0.21065778517901748
impeachment,0.4134207818705509,1554,800,3888,0.20987654320987653
period,0.36773548364866465,806,3194,1314,0.20928462709284626
against,0.38594549856313315,854,3146,158,0.2088607594936709
with,0.4708131306046904,623,3377,24,0.20833333333333334
purchased,0.38152760366084193,1519,2481,2433,0.2059186189889026
without,0.3856957701545993,823,3177,136,0.20588235294117646
officer,0.36425492864145237,2462,1538,698,0.20487106017191978
intents,0.4172557883640208,1551,478,4046,0.20439940682155214
inventors,0.5953969615336292,40,114,815,0.20368098159509201
solemnly,0.4103608038017948,581,1853,3824,0.20319037656903766
accept,0.38040779822583237,1227,2773,2565,0.19922027290448344
presentment,0.49305650144630947,369,151,2622,0.19908466819221968
respect,0.3632391699759864,879,3121,646,0.19659442724458204
third,0.36010394984238575,1551,2449,701,0.19543509272467904
jury,0.37328752545025085,2246,1754,1835,0.19400544959128066
granting,0.37899810150783864,2664,1336,2638,0.19332827899924185
offenses,0.39274848619754993,1551,1967,3254,0.19330055316533498
commerce,0.36132777736945465,1478,2522,984,0.19308943089430894
take,0.3854761582475034,1046,2954,197,0.19289340101522842
quorum,0.4298493868471803,853,635,4212,0.1915954415954416
are,0.4643341349182374,706,3294,42,0.19047619047619047
taxes,0.3606163687038753,2482,1518,1126,0.1891651865008881
speaker,0.3743229511342858,1936,2064,2303,0.18801563178462874
determine,0.3680962668895944,1604,2396,1721,0.18710052295177224
except,0.35826335675206894,1435,2565,815,0.18650306748466258
erected,0.37473222938203943,649,3351,2364,0.18612521150592218
migration,0.5157404538330638,169,192,1890,0.18412698412698414
deny,0.3739246328339922,374,3626,2382,0.1834592779177162
appointments,0.4232684705364189,896,659,4203,0.18320247442303117
questioned,0.4500655919485987,191,827,3938,0.1828339258506856
counterfeiting,0.47414043692319213,401,253,3150,0.18253968253968253
majority,0.36714593742939994,2135,1865,1761,0.18228279386712096
produce,0.35688108197552093,1091,2909,981,0.18144750254842
securities,0.40044026676596056,1775,725,3773,0.18075801749271136
giving,0.35834986455020595,1312,2688,1026,0.18031189083820662
appropriation,0.40640648672931,1707,473,3984,0.1794678714859438
revenue,0.36574015947583305,2320,1680,1750,0.17942857142857144
ability,0.39031570392127357,929,2273,3409,0.17893810501613377
senate,0.35419703259287466,3036,964,695,0.17841726618705037
department,0.3609445646606388,2859,1141,1547,0.1777634130575307
prescribe,0.45219403731765073,251,681,3830,0.17754569190600522
become,0.3541874054278707,817,3183,695,0.17697841726618704
taken,0.3756850593627117,1233,2767,232,0.17672413793103448
given,0.36855187678011453,1174,2826,280,0.175
compulsory,0.5606955454369243,73,99,909,0.17491749174917492
establish,0.3655530091445475,1458,2542,2019,0.1748390292223873
vote,0.36060110060099015,2646,1354,1582,0.17446270543615677
proposed,0.35451976399915586,1823,2177,955,0.17382198952879582
remain,0.35628550575583706,1281,2719,1105,0.17375565610859728
republican,0.3879193221148459,801,2272,3465,0.1722943722943723
tempore,0.5531875501197533,122,88,1110,0.17117117117117117
excepting,0.3910163468396568,1261,1629,3574,0.17095691102406269
occasions,0.36750484632237684,563,3437,2283,0.17082785808147175
voting,0.4351373703261811,632,559,4111,0.17076137192897106
bill,0.3602356393970031,3026,974,457,0.17067833698030635
consequence,0.35296602933114185,840,3160,816,0.17034313725490197
contracts,0.4055280464038339,977,1093,4035,0.17026022304832714
electors,0.38682379759913166,1186,1923,3456,0.16984953703703703
proper,0.3602620815535111,1472,2528,386,0.16839378238341968
representative,0.38222898218817397,1526,1855,3308,0.16686819830713423
actual,0.3720175767438683,1466,2534,2942,0.16485384092454114
declare,0.35904542283746543,1046,2954,1687,0.16478956727919383
forces,0.36643670560175545,1106,2894,2612,0.16424196018376722
according,0.3586992563450012,1626,2374,451,0.164079822616408
expedient,0.36577615213142345,1790,2210,2584,0.163312693498452
regulate,0.3726068756304584,2133,1824,3048,0.16305774278215224
district,0.3530672046734026,2324,1676,1381,0.16292541636495295
member,0.3529625942524819,1838,2162,1396,0.16260744985673353
congress,0.37849985706988026,3074,926,161,0.16149068322981366
departments,0.38147205809954543,1836,1377,3401,0.16142311084975008
admitted,0.3570729828174303,1546,2454,1617,0.1614100185528757
importation,0.3780412930107045,1371,2113,3264,0.16053921568627452
invasion,0.39457947674525085,864,1519,3869,0.1597311966916516
authorized,0.350432672066199,3162,838,1297,0.15959907478797225
suppress,0.41215781169986604,366,1265,4179,0.1588896865278775
indictment,0.41844186603341427,264,1153,4189,0.1575555025065648
disqualification,0.5247306400295981,173,98,1426,0.1570827489481066
levying,0.4165686643236423,812,658,4209,0.15704442860536943
years,0.36337106672426184,861,3139,243,0.15637860082304528
was,0.4380890236652373,838,3162,32,0.15625
convened,0.41265044504993653,642,919,4205,0.15600475624256838
existing,0.3809838408216491,1411,1637,3482,0.155944859276278
engagements,0.3863409014659307,865,1786,3691,0.15551341099972907
make,0.3731343523778637,1136,2864,148,0.1554054054054054
should,0.3806651428994291,747,3253,84,0.15476190476190477
facto,0.4816343623511897,214,258,2417,0.15473727761688044
publish,0.38742891324460743,525,2000,3756,0.1530883919062833
peaceably,0.43850312317315765,190,773,3880,0.15283505154639176
disparage,0.6354991893293199,20,47,349,0.1518624641833811
troops,0.3478973216571827,1162,2838,872,0.15022935779816513
treason,0.36737228487935175,1399,2413,3111,0.14914818386370943
compel,0.3904599282786648,947,1361,3923,0.14912057099158807
limitations,0.44224305809950565,499,370,3703,0.14798811774237106
throughout,0.3587570761975922,841,3159,2433,0.1467324290998767
adjournment,0.39032141199217757,1304,973,3940,0.1467005076142132
cannot,0.3544947275015719,757,3243,301,0.1461794019933555
excluding,0.4661218836702118,167,368,2686,0.14556962025316456
actually,0.3586184254902828,846,3154,2454,0.14466177669111654
originated,0.41763294793642053,361,920,4169,0.1443991364835692
tonnage,0.3868675708644284,1720,588,3923,0.14402243181238847
including,0.36450031697736945,2029,1942,3048,0.1437007874015748
exclusive,0.3673426041344525,1601,2065,3187,0.14276749294006902
elections,0.3718620817861956,1241,2123,3319,0.14251280506176559
until,0.3449016104520246,1849,2151,604,0.1423841059602649
proposing,0.4353298503002427,423,507,3826,0.14192368008363826
different,0.34716002417881964,756,3244,543,0.141804788213628
reexamined,0.640546382304678,14,27,212,0.14150943396226415
included,0.3724557032540025,1433,1778,3400,0.14058823529411765
guarantee,0.4403050919547905,396,446,3651,0.14050944946589974
among,0.3524451495837348,428,3572,293,0.13993174061433447
executing,0.3933333168942633,975,1011,4069,0.13983779798476284
imminent,0.44758599693451634,166,580,3402,0.13962375073486186
fact,0.34751271068024564,837,3163,1464,0.13934426229508196
penalties,0.3587515362765345,2805,1195,2847,0.13874253600280997
citizens,0.3375395362227822,1326,2674,700,0.13857142857142857
highest,0.3491080160904771,451,3549,1682,0.13852556480380498
vacancies,0.4181401301418455,793,417,4128,0.1371124031007752
pennsylvania,0.33717507290214643,1605,2395,679,0.13696612665684832
vacated,0.4842447539803889,219,178,2069,0.1333977767037216
reconsider,0.4805090733431486,295,113,2128,0.13298872180451127
respecting,0.34075309029058287,1661,2339,1333,0.13278319579894973
admiralty,0.36091807489713607,1972,1790,3137,0.1322919987248964
government,0.3625086209154764,1485,2515,197,0.1319796954314721
transmit,0.369410444037248,1734,1422,3441,0.13193839000290614
states,0.3482043295112571,2628,1372,319,0.13166144200626959
belonging,0.3409152668713668,1472,2528,1066,0.13133208255159476
commander,0.34213006886088304,2017,1983,1587,0.13043478260869565
prosecutions,0.43136086314046734,417,460,3717,0.1296744686575195
neither,0.33584751119158,411,3589,769,0.12873862158647595
corpus,0.42843870371763126,523,395,3800,0.12710526315789475
controversies,0.420545339238669,472,611,4011,0.12665170780354026
mode,0.3385274788241167,1620,2380,1384,0.12572254335260116
territory,0.34789360439524775,2439,1561,1937,0.1254517294785751
obtaining,0.3537669302011446,1468,2532,2951,0.12368688580142324
payment,0.3340367504748573,2480,1520,817,0.12362301101591187
inflicted,0.3932306350358267,259,1469,4159,0.1235874008175042
when,0.3870039150223125,548,3452,74,0.12162162162162163
between,0.34551368433452717,1044,2956,281,0.12099644128113879
provide,0.34665199663768304,2198,1802,1904,0.1207983193277311
previously,0.364940401798649,964,1992,3547,0.11953763744009022
grievances,0.37260459231077203,349,2023,3876,0.11842105263157894
disapproved,0.4537252969316393,201,351,2751,0.11813885859687387
yeas,0.34908172609051863,3473,527,2815,0.1172291296625222
attainder,0.45814279102457456,308,184,2505,0.11656686626746507
invasions,0.4522744555624937,228,328,2768,0.11560693641618497
capitation,0.5551167282298884,99,42,741,0.11470985155195682
equally,0.3321889491438717,819,3181,1235,0.11417004048582996
stated,0.34083212434744986,1837,2163,2163,0.11373092926490985
fourth,0.336287635239375,1221,2779,1611,0.11359404096834265
measures,0.3313274288711089,1299,2701,999,0.11311311311311312
subsequent,0.3587502723976608,1243,2023,3370,0.11275964391691394
assemble,0.3846155032965401,522,1251,4142,0.1122646064703042
reprisal,0.4754652120642707,229,146,1960,0.11224489795918367
fines,0.3521176704030473,2821,883,3154,0.11065313887127458
signed,0.3358019820849762,1783,2217,1741,0.1102814474439977
repel,0.4027468527281184,391,874,4162,0.10956271023546373
sundays,0.45821429391737345,137,316,2332,0.10891938250428816
voted,0.35708333924364216,1578,1729,3357,0.1087280309800417
cession,0.41151275119128705,819,290,4036,0.10777998017839445
give,0.3500889827105388,1006,2994,224,0.10714285714285714
navy,0.3468612791518355,2104,1896,2942,0.10673011556764106
article,0.32953162643869494,1813,2187,902,0.10643015521064302
delegated,0.39736523518243544,572,741,4170,0.10551558752997602
commissions,0.35903015313350545,1311,1435,3643,0.10458413395553115
public use,0.4803207589305271,197,141,1772,0.1044018058690745
votes,0.3379563320284018,2346,1654,2294,0.1028770706190061
concur,0.36568614975875213,1021,1211,3956,0.10262891809908999
representatives,0.3234706461782729,2351,1649,762,0.10236220472440945
eligible,0.3815068929373303,634,1054,4162,0.1023546371936569
define,0.43455102547358937,271,360,3073,0.10022779043280182
revision,0.4208469791260408,488,310,3539,0.09946312517660356
whenever,0.33262149894366866,1371,2629,2130,0.09718309859154929
appropriations,0.3659264469038822,1736,316,4036,0.09638255698711595
militia,0.3229075004270044,2352,1648,1159,0.09404659188955997
have,0.41005357775125856,773,3227,43,0.09302325581395349
legislation,0.37013415991875664,632,1118,4153,0.08885143269925355
rights,0.31712403378647613,1136,2864,760,0.0881578947368421
reconsideration,0.4680947237777237,220,100,1680,0.0880952380952381
convention,0.3198795609734419,2041,1959,1142,0.08756567425569177
appointed,0.3298525045868951,2494,1506,424,0.08726415094339622
compelled,0.33679177356287404,924,3038,3048,0.08628608923884515
dollars,0.32411899493836216,2558,1442,486,0.08436213991769548
will,0.37745592916627924,617,3383,48,0.08333333333333333
preserve,0.32558477749453985,620,3380,1939,0.08251676121712223
consuls,0.35471597451759684,1503,677,3984,0.0823293172690763
regulation,0.3392760218018979,1975,1657,3212,0.0821917808219178
securing,0.34604975732409116,1160,1879,3486,0.08204245553643144
executive,0.31748750605922726,2489,1511,1274,0.08084772370486656
seven,0.31708576189038035,2036,1964,651,0.07987711213517665
carrying,0.3205976020323891,1490,2510,1868,0.07815845824411134
habeas,0.4044180412651423,514,322,3631,0.07435968052877995
redress,0.3403290553058806,765,2310,3463,0.07421311002021369
opinion,0.32055084212917667,1469,2531,540,0.07407407407407407
abridging,0.49319190585777944,59,99,835,0.07305389221556886
fifth,0.3202059769426815,1259,2741,2206,0.07298277425203989
miles,0.3112208817574033,462,3538,756,0.07275132275132275
construed,0.3529698159667167,1078,835,4093,0.0718299535792817
amendments,0.31890903500450146,3212,788,2163,0.07165973185390662
captures,0.39206998114075536,607,435,3970,0.07128463476070529
diminished,0.35916322503593817,352,1341,4161,0.07089641913001682
prevent,0.31189405611149784,1368,2632,840,0.07023809523809524
require,0.31415275306608215,1521,2479,1359,0.06990434142752024
organizing,0.43402857012250073,298,130,2221,0.06933813597478614
officers,0.32083464983177573,2130,1870,424,0.06839622641509434
happen,0.31761363179521795,1709,2291,2035,0.0683046683046683
impeachments,0.4286414765656564,270,211,2452,0.06810766721044045
jeopardy,0.4810463348366543,67,128,1028,0.06809338521400778
session,0.3158985703982311,2785,1215,1655,0.06767371601208459
probable,0.3174689707360839,837,3163,2186,0.06724611161939616
jurisdiction,0.3172233902756597,1538,2462,2159,0.06623436776285317
requisite,0.3243708765767459,1166,2692,3092,0.06597671410090557
exports,0.3528064981403328,755,1042,4136,0.06552224371373308
prohibited,0.34327979513447343,922,1450,3876,0.0652734778121775
welfare,0.31882863015273194,924,3076,2564,0.06513260530421217
two,0.3423920544196727,1195,2805,93,0.06451612903225806
ascertained,0.3294992039682139,1640,1825,3273,0.06446684998472349
not,0.38848171058115233,857,3143,32,0.0625
monday,0.3121404474053503,1614,2386,1426,0.06241234221598878
reconsidered,0.4590414355412617,186,73,1363,0.061628760088041086
impairing,0.4720849080332463,90,110,1060,0.06132075471698113
disciplining,0.4664693913273004,147,68,1133,0.06001765225066196
violated,0.34682249946218763,504,1384,4107,0.05989773557341125
ballot,0.34601511935246776,1107,799,4098,0.05905319668130796
felony,0.3474777967787941,1253,569,4120,0.05849514563106796
attainted,0.41959479741873407,314,160,2426,0.057708161582852434
reserving,0.3977623370892949,315,374,3239,0.057116393948749615
seizures,0.44931975247110273,126,166,1544,0.056347150259067356
objections,0.31441463011439447,1600,2400,2525,0.05623762376237624
appoint,0.30804073852351876,2841,1159,1495,0.05551839464882943
informed,0.3054977337574928,911,3089,998,0.0531062124248497
necessary,0.31258453401688147,1379,2621,306,0.05228758169934641
senators,0.32554876059824117,1451,1401,3593,0.0520456443083774
expenditures,0.35140724216298225,992,447,4198,0.05145307289185326
debts,0.3058757380480953,2482,1518,1143,0.05074365704286964
propose,0.3163698545657517,1097,2720,3107,0.04956549726424203
misdemeanors,0.41090203792053454,262,230,2505,0.04950099800399202
immunities,0.3606234922257028,555,564,4042,0.04948045522018803
conventions,0.35262859871238816,838,487,4174,0.048394825107810256
ten,0.3018329235118708,1391,2609,625,0.048
affirmation,0.3196285398475759,2481,952,3294,0.04705525197328476
ratification,0.3384064334985682,1056,708,4149,0.04651723306820921
but,0.37727378401511075,480,3520,43,0.046511627906976744
adjourn,0.34299853970772715,1076,559,4175,0.04598802395209581
protect,0.31619557335386667,873,2799,3180,0.045283018867924525
constitute,0.3252522389909931,583,1824,3845,0.04447334200260078
ratifying,0.42999334562458086,207,132,1777,0.04445694991558807
nine,0.3005778434660332,1792,2208,1245,0.04417670682730924
senator,0.35753419291177435,631,510,4052,0.04417571569595262
tribunals,0.37621503179174526,408,391,3541,0.0437729454956227
insure,0.3630134079181941,297,614,3780,0.0417989417989418
domestic violence,0.5157353517843212,54,33,455,0.041758241758241756
bills,0.29643422476746806,2732,1268,1017,0.04129793510324484
statement,0.323304057364709,1397,1001,3858,0.040694660445826855
absolutely,0.30104858612903973,687,3313,2273,0.039595248570171576
clauses,0.3505964776920035,740,402,4055,0.03822441430332922
certificates,0.29707222741684475,2287,1713,1677,0.0381633870005963
if,0.36014161746359125,1136,2864,53,0.03773584905660377
respective,0.29301470287005116,1697,2303,1330,0.03609022556390978
deprived,0.3023967567704955,660,3340,2852,0.03576437587657784
convicted,0.3188159126732097,754,1583,3896,0.03516427104722793
devolve,0.4446069972460397,96,123,1154,0.03466204506065858
greatest,0.2909384668371254,296,3704,871,0.03444316877152698
three,0.3092436118462247,1299,2701,208,0.03365384615384615
respectively,0.2951192580492091,2294,1706,2236,0.03309481216457961
president,0.294280492524642,2431,1569,542,0.03136531365313653
confronted,0.44902171971467003,43,105,781,0.030729833546734954
regulations,0.2943342989235078,2119,1881,2093,0.030578117534639272
been,0.35470296384756117,1011,2989,66,0.030303030303030304
exported,0.30994232130757227,1384,1110,3775,0.02966887417218543
united states,0.295402534947468,2563,1437,207,0.028985507246376812
elected,0.29101547566299546,1701,2299,2505,0.02874251497005988
arsenals,0.4120997519597389,214,73,1515,0.02838283828382838
eight,0.2814049510810018,1649,2351,885,0.02824858757062147
ports,0.29262269502381066,1833,2167,1997,0.028042063094641963
unless,0.2764621819189017,1493,2507,872,0.027522935779816515
imposts,0.340955228760677,599,370,3891,0.024929324081213056
infringed,0.39097896239137897,122,272,2057,0.024793388429752067
admit,0.2849324523989633,1200,2800,1793,0.024539877300613498
sixth,0.28883964523888317,1262,2738,2815,0.024156305506216696
convene,0.36700730658043257,266,260,2649,0.023027557568893922
promote,0.285384213054515,674,3326,2057,0.022848808945065628
legislature,0.26696845200992675,2114,1886,895,0.0223463687150838
ratified,0.3054819377048036,1131,975,4019,0.021895994028365263
thirty,0.2687601941025691,1939,2061,1070,0.02149532710280374
fourths,0.3352028879800077,480,413,3748,0.019477054429028817
treaty,0.25243367955333723,1964,2036,730,0.019178082191780823
twenty,0.2602826482867177,1796,2204,543,0.01841620626151013
excises,0.35930761769649827,336,166,2548,0.017660910518053376
four,0.28160912704089947,1339,2661,398,0.017587939698492462
vice president,0.2943418399194568,1332,1073,3847,0.016376397192617624
prohibiting,0.33217390735490065,322,414,3370,0.01543026706231454
felonies,0.35630742670086274,320,132,2329,0.015027908973808502
six,0.2289244164366772,1169,2831,589,0.013582342954159592
expiration,0.28316565524521525,1788,1011,3616,0.013550884955752213
ninth,0.28048919614224826,1062,1496,3730,0.01099195710455764
natural born,0.3744662584276036,108,117,1185,0.008438818565400843
fourteen,0.2661625974092608,1669,2087,3140,0.007643312101910828
thirds,0.26644811223412596,1886,1501,3307,0.00725733293014817
vested,0.25877583231692924,2076,1924,2789,0.007171029042667623
five,0.25211845909364244,1665,2335,422,0.0071090047393364926
nominate,0.30298496294973337,872,318,4113,0.007050814490639436
confederation,0.25824053641741784,2943,1057,2908,0.006533700137551582
treaties,0.2538465446539652,2389,1611,1970,0.003553299492385787
reprieves,0.3319738850360007,59,64,650,0.003076923076923077
appellate,0.3183192505114179,223,74,1566,0.002554278416347382
december,0.15638684714547477,1780,2220,1194,0.002512562814070352
legislatures,0.24706955510654635,2598,1161,3138,0.0019120458891013384
fifths,0.28776914610546217,294,204,2531,0.0015804030027657052
pursuance,0.23197993559392616,2256,1354,3214,0.0006222775357809583
to,0.48675977616066846,1152,2848,4,0.0
