term,jsd,count_early,count_modern,neighbours,scaled_jsd
said,0.7630081667333076,972,3028,54,1.0
and,0.5903739384250237,1181,2819,4,1.0
he,0.7097368862509337,907,3093,23,1.0
just,0.6910779645074004,307,3693,103,0.9805825242718447
people,0.6903208133903941,830,3170,96,0.96875
him,0.7105669518181598,1376,2624,60,0.9666666666666667
right,0.6888554137675604,756,3244,163,0.950920245398773
captures,0.9108329970225852,1555,2445,3590,0.9381615598885794
training,0.851740163567666,47,3953,1244,0.9381028938906752
test,0.8225294934354387,115,3885,1027,0.937682570593963
such,0.6872238907978594,1919,2081,92,0.9347826086956522
domestic violence,0.9058982025530381,93,2814,3049,0.922925549360446
work,0.6498329755273946,415,3585,164,0.9024390243902439
own,0.63368767250442,1214,2786,157,0.8980891719745223
we,0.6526721991977258,949,3051,47,0.8936170212765957
cannot,0.7745793417881168,3992,8,993,0.892245720040282
process,0.7593974134222267,224,3776,679,0.8895434462444771
affirmation,0.858247667948572,2746,1254,3761,0.8883275724541345
issue,0.7656697241373229,585,3415,909,0.8855885588558856
current,0.7669040973988736,363,3637,978,0.8844580777096115
i,0.6579387688509405,1152,2848,17,0.8823529411764706
marque,0.8970028350795051,1197,340,1902,0.8801261829652997
they,0.647023313466618,1264,2736,41,0.8780487804878049
due,0.7556961774097012,1933,2067,926,0.8779697624190065
use,0.6526167392902391,688,3312,209,0.8708133971291866
business,0.7030272092614488,1128,2872,371,0.8706199460916442
united states,0.6974229470136798,1966,2034,327,0.8685015290519877
post,0.7486194094593867,1085,2915,959,0.8654848800834203
security,0.7482316645193546,813,3187,864,0.8645833333333334
pro,0.7813412918881868,568,3432,2165,0.8618937644341801
equity,0.814504429390759,1500,2500,3321,0.8611863896416742
fix,0.7870896378159166,1982,2018,2338,0.8601368691189051
services,0.7470964914845244,645,3355,846,0.859338061465721
new york,0.7009855582766673,1103,2897,407,0.8574938574938575
care,0.7043492739043937,804,3196,433,0.8568129330254042
like,0.6116092254594894,349,3651,76,0.8552631578947368
articles,0.7688062485980883,2570,1430,1630,0.8552147239263803
them,0.6381972267631355,1673,2327,55,0.8545454545454545
control,0.7275137366581308,154,3846,642,0.8520249221183801
it,0.6489149264389584,1054,2946,20,0.85
state,0.6226107904027407,1528,2472,118,0.847457627118644
classes,0.7756793571729006,320,3680,2130,0.8464788732394366
executive,0.7565031785702551,1219,2781,1313,0.8415841584158416
eligible,0.8074613439765049,1080,2920,3588,0.8411371237458194
bill,0.7276297865594402,1574,2426,671,0.8390461997019374
article,0.7376065783271275,1396,2604,1000,0.839
power,0.653131640934309,1734,2266,266,0.8383458646616542
magazines,0.7994472626738989,846,3154,3524,0.8345629965947786
information,0.6893567450583309,713,3287,411,0.8321167883211679
same,0.615154463745668,1616,2384,153,0.8300653594771242
standard,0.7496512916974858,316,3684,1578,0.8276299112801014
party,0.7072187847991784,1155,2845,659,0.8270106221547799
class,0.7252922587999412,272,3728,751,0.8242343541944075
welfare,0.7746167899248873,1150,2850,2598,0.8237105465742879
quartered,0.8617424144669736,871,859,2116,0.8218336483931947
there,0.6357542104869827,924,3076,56,0.8214285714285714
service,0.6885104194261984,1300,2700,512,0.814453125
most,0.5996959652599482,1250,2750,97,0.8144329896907216
measures,0.7371574866835042,1765,2235,1288,0.812111801242236
or,0.6264398001682638,1581,2419,37,0.8108108108108109
compact,0.7946104160008741,1252,2748,3765,0.8106241699867198
new,0.6210838231977536,324,3676,105,0.8095238095238095
commission,0.7380031530862089,1260,2740,1679,0.8082191780821918
behavior,0.7311712644823019,456,3544,1174,0.8023850085178875
high,0.6286902202814694,530,3470,197,0.8020304568527918
respecting,0.7607831809367374,3769,231,2601,0.800076893502499
aid,0.7328761367299331,1999,2001,1450,0.8
attendance,0.7711541588704166,1808,2192,3283,0.7995735607675906
resident,0.7695002297408952,797,3203,3334,0.7948410317936413
science,0.7141523575515175,274,3726,1020,0.7931372549019607
thereof,0.7309605892036578,3894,106,1520,0.7907894736842105
tried,0.7101278332232469,459,3541,988,0.7884615384615384
respectively,0.7605356067017578,1490,2510,2844,0.7883263009845288
journal,0.7282060420169836,527,3473,1636,0.7878973105134475
provided,0.7086531830207707,1545,2455,969,0.7863777089783281
press,0.7145543880400305,446,3554,1098,0.7859744990892532
net,0.749517151378936,315,3685,2510,0.7824701195219124
arts,0.7255629190347473,639,3361,1599,0.7823639774859287
legislation,0.7552538248172183,418,3582,2795,0.7806797853309482
then,0.5938816359617344,918,3082,91,0.7802197802197802
going,0.6312294571495439,291,3709,231,0.7792207792207793
also,0.5956859196403572,657,3343,104,0.7788461538461539
subjects,0.7248290739773448,1924,2076,1523,0.7774130006565988
government,0.631703811762968,1562,2438,247,0.7773279352226721
securities,0.7678174196362509,1121,2879,3602,0.7759578012215436
title,0.7237577580225975,1212,2788,1755,0.7754985754985755
tonnage,0.7994519037885152,3371,265,3396,0.7747349823321554
junction,0.7992984040788221,1471,2076,3368,0.7743467933491687
according,0.6696646558506608,1161,2839,495,0.7737373737373737
offense,0.7462337672477436,1852,2148,2525,0.7730693069306931
term,0.7021043771217185,714,3286,949,0.7723919915700738
disability,0.7674826548162688,301,3699,3617,0.7721868952170307
safety,0.7193292852831603,1129,2871,1436,0.7694986072423399
credit,0.714963949486729,1534,2466,1313,0.7677075399847677
yeas,0.7820347120276286,3972,28,3704,0.7645788336933045
capitation,0.8961951164645721,154,93,316,0.7626582278481012
limitations,0.7551148055428998,353,3647,3423,0.7595676307332749
writ,0.7555819701224631,3759,241,3450,0.7582608695652174
general,0.6249752505698467,2547,1453,227,0.7577092511013216
organizing,0.7670823126644182,329,3671,3828,0.7552246603970741
republican,0.7190988969090983,513,3487,1899,0.7530279094260137
emolument,0.8332691016446684,1274,12,1604,0.7524937655860349
free,0.6538566949895466,829,3171,449,0.7505567928730512
present,0.6484209201351039,2419,1581,391,0.7493606138107417
conventions,0.7674506355850921,1095,2905,3814,0.7490823282642894
war,0.6321626707885085,1574,2426,294,0.7448979591836735
alliance,0.7406286145996291,1347,2653,2946,0.7423625254582484
s,0.5914498570190129,374,3626,23,0.7391304347826086
labor,0.7065340866880464,1077,2923,1422,0.7390998593530239
appropriations,0.7716133870566358,2337,1663,3651,0.7370583401807724
ballot,0.7564922292079365,1155,2845,3864,0.7362836438923396
engagements,0.764273951566686,3335,665,3766,0.7357939458311206
defense,0.6958240113648997,1018,2982,1149,0.7328111401218451
honor,0.6867621248133977,3152,848,840,0.7321428571428571
seat,0.7012978395599874,887,3113,1596,0.7286967418546366
members,0.6543983280574402,949,3051,587,0.7257240204429302
assembled,0.7342247176786851,2623,1377,3098,0.724661071659135
discharge,0.728255267993234,3126,874,2812,0.7240398293029872
support,0.6500024067023632,842,3158,470,0.723404255319149
who,0.5809792372003053,1023,2977,54,0.7222222222222222
up,0.5860120319144629,492,3508,60,0.7166666666666667
office,0.6444685336402048,1337,2663,441,0.7165532879818595
including,0.6485307980266323,129,3871,539,0.7161410018552876
arsenals,0.8335268099685152,455,438,1119,0.7158176943699732
owner,0.6983860944866899,1304,2696,1805,0.7157894736842105
list,0.6926526425217554,521,3479,1279,0.7154026583268178
statement,0.704170012247074,508,3492,2014,0.7149950347567031
counterfeiting,0.8302666515515006,728,302,1290,0.713953488372093
concerned,0.7002383818034921,1024,2976,1856,0.7133620689655172
corpus,0.771824335463465,1062,2314,3285,0.7132420091324201
congress,0.6353135796594088,2945,1055,408,0.7132352941176471
grant,0.6963135234284547,1842,2158,1787,0.710688304420817
nays,0.7570804639660098,3964,36,3677,0.7090019037258635
whole,0.632502411458889,1947,2053,393,0.7073791348600509
part,0.5993889385461987,1543,2457,187,0.7058823529411765
for,0.5894020763029625,1026,2974,17,0.7058823529411765
records,0.6974728188241652,595,3405,1875,0.7056
resolution,0.6958135321369092,2514,1486,1834,0.7039258451472192
directed,0.6912594808093353,2416,1584,1685,0.7032640949554896
subject,0.6548735871427936,2312,1688,650,0.703076923076923
being,0.5846194818328305,1767,2233,124,0.7016129032258065
recess,0.7577981731708574,1796,2204,3526,0.7010777084515031
effects,0.6846503314389047,978,3022,1159,0.6980155306298533
execution,0.6978278076874557,3362,638,2057,0.6976178901312591
grants,0.7291415597030567,1520,2480,3433,0.6970579667928926
writing,0.6761344010793481,1132,2868,1011,0.695351137487636
than,0.5776884239275824,918,3082,72,0.6944444444444444
offices,0.7060539547290747,1877,2123,2461,0.6924014628199918
warrants,0.7402213773942554,2841,1159,3829,0.690780882737007
arms,0.6719246319969779,1391,2609,937,0.6905016008537886
chief,0.6749443929616473,1318,2682,1014,0.6893491124260355
those,0.5859138862828284,1368,2632,103,0.6893203883495146
uniform,0.7196573887715271,1000,3000,3116,0.688382541720154
piracies,0.8491510587778448,425,5,539,0.6883116883116883
ex,0.7140614903582575,861,3139,2888,0.6873268698060941
union,0.6807495488729454,1373,2627,1210,0.6867768595041323
census,0.7345104042833535,518,3482,3780,0.6851851851851852
vice president,0.7088947835217896,620,3380,2735,0.6819012797074955
affecting,0.7332432430479693,1290,2710,3821,0.681496990316671
erection,0.7928610804311884,679,944,1996,0.6813627254509018
tax,0.6741931392838396,983,3017,1074,0.6778398510242085
forces,0.6824440689619596,497,3503,1510,0.6774834437086092
himself,0.6252861043037191,1495,2505,377,0.6763925729442971
therein,0.7049657886903681,3821,179,2674,0.6761406133133882
things,0.6201520387583773,1006,2994,295,0.6745762711864407
overt,0.7659489541962592,433,2062,2774,0.6744772891131939
reprisal,0.821110153586031,551,311,1078,0.6743970315398887
georgia,0.680603755583607,992,3008,1572,0.6743002544529262
money,0.6244478387740305,1330,2670,319,0.6739811912225705
public,0.6245122159991782,866,3134,325,0.6738461538461539
vested,0.7305652187275222,3210,790,3860,0.6738341968911917
natural born,0.8470778192905961,275,140,525,0.6723809523809524
appropriation,0.7400767095940666,2533,1467,3694,0.6702761234434218
convention,0.6872974848008381,2290,1710,1976,0.6700404858299596
herein,0.7233185786236634,3728,272,3567,0.6700308382394169
seizures,0.7788115697117125,388,1489,2236,0.6699463327370304
ability,0.6779462032062608,283,3717,1374,0.6695778748180495
following,0.6450819389157343,1579,2421,646,0.6687306501547987
act,0.6332065287936792,2247,1753,463,0.6673866090712743
dock,0.7300569889224847,642,3358,3830,0.6637075718015666
principal,0.6819285830749705,2163,1837,1877,0.6616941928609483
choice,0.6747788567787901,798,3202,1309,0.6615737203972498
adoption,0.715914260426964,1060,2940,3498,0.6606632361349343
tender,0.69573451750672,2258,1742,2635,0.6603415559772297
excepted,0.7361477045972389,3873,127,3715,0.6602960969044415
concurrence,0.7294483539240506,3735,265,3817,0.659942363112392
consequence,0.684411689614035,3178,822,1916,0.6591858037578288
numbers,0.6750006239467438,896,3104,1412,0.6586402266288952
suits,0.7121481743320639,1198,2802,3319,0.6583308225369087
presentment,0.8241223428879616,602,35,809,0.657601977750309
weights,0.7294665578215485,1088,2912,3806,0.6560693641618497
migration,0.7236153833495762,210,3790,3836,0.6551094890510949
coin,0.7253557031139879,1678,2322,3823,0.6544598482866858
commissions,0.7216171298960058,2511,1489,3797,0.6523571240452989
exercise,0.6738660917867441,1386,2614,1603,0.6519026824703681
direct,0.6741552625889001,1319,2681,1464,0.6516393442622951
expedient,0.7203532477729514,3751,249,3795,0.649802371541502
continuance,0.7213656097416239,3823,177,3818,0.6492928234677842
adjournment,0.7515358442694291,2938,53,3088,0.6492875647668394
belonging,0.6903166315300967,3228,772,2599,0.648326279338207
preference,0.7155891003326635,1397,2603,3568,0.6482623318385651
treasury,0.6788161073217628,3363,637,1921,0.6444560124934929
naturalization,0.7673244657035132,947,991,2302,0.6433536055603822
revenue,0.6832543110372995,1733,2267,2194,0.6431175934366454
common,0.6354460130440476,1595,2405,643,0.6423017107309487
voting,0.7111591363357062,543,3457,3524,0.6421679909194098
application,0.6784703548897968,1946,2054,1992,0.6420682730923695
exclusive,0.7066941973275774,1624,2376,3424,0.6407710280373832
limited,0.6718887973981477,647,3353,1578,0.6400506970849176
expiration,0.7311983049569072,3300,700,3616,0.6391039823008849
do,0.5759626144067892,636,3364,58,0.6379310344827587
person,0.6181536160473873,1973,2027,371,0.6361185983827493
other,0.5685623195971249,1210,2790,71,0.6338028169014085
vest,0.727549480627362,1453,2547,3678,0.6332245785753127
lands,0.6704824539667964,3132,868,1490,0.6328859060402685
speedy,0.7175274138825976,2987,1013,3827,0.6320877972302065
further,0.6320438195295559,1948,2052,589,0.629881154499151
whatsoever,0.7013884837705018,3275,725,3368,0.629750593824228
on,0.581919707160907,891,3109,27,0.6296296296296297
seats,0.6937848367566835,499,3501,3026,0.6288830138797092
confronted,0.7212011121639701,130,3870,3780,0.6277777777777778
yards,0.674400791314814,413,3587,1966,0.6271617497456765
section,0.6656355896700925,630,3370,1311,0.6270022883295194
now,0.5661417102489293,1062,2938,99,0.6262626262626263
capital,0.6677789609891497,766,3234,1637,0.6261453879047038
representation,0.687799773439905,1823,2177,2822,0.6236711552090716
sign,0.6662714723083635,542,3458,1467,0.6223585548738922
claims,0.6710584132457152,1157,2843,1823,0.6220515633571037
civil,0.6636568146225374,1379,2621,1289,0.6214119472459271
purpose,0.649965759341056,2349,1651,928,0.6196120689655172
discipline,0.6868286279057881,1148,2852,2901,0.6184074457083765
by,0.5773211224331761,1596,2404,34,0.6176470588235294
number,0.6114570184774708,1215,2785,333,0.6156156156156156
that,0.5881662139823162,1167,2833,13,0.6153846153846154
presence,0.6652582360252672,980,3020,1639,0.6150091519219036
account,0.6444427882570705,2483,1517,775,0.6103225806451613
departments,0.6941523744092455,1409,2591,3303,0.6091432031486528
regular,0.6650488230246722,959,3041,1769,0.6065573770491803
disciplining,0.8009788863941428,310,373,864,0.6064814814814815
vacancies,0.7372199849154725,1912,730,2879,0.6061132337617228
sitting,0.6607402849436558,471,3529,1555,0.6057877813504823
appellate,0.7630862813906352,344,1133,1836,0.6056644880174292
its,0.5647732227775568,739,3261,81,0.6049382716049383
valid,0.7026701890769688,1142,2858,3741,0.603314621758888
america,0.6213703143228809,1576,2424,463,0.6025917926565875
supreme,0.6685404188291633,1728,2272,1935,0.6015503875968993
duties,0.6664265330068895,3140,860,1894,0.6003167898627244
crime,0.6650643552433575,757,3243,1871,0.6002137894174239
progress,0.6642342224075954,1094,2906,1810,0.6
of,0.5557354624853263,1448,2552,5,0.6
in,0.566265481461059,1067,2933,5,0.6
both,0.5786071813830147,889,3111,184,0.5978260869565217
perfect,0.6569851545021127,1192,2808,1388,0.5972622478386167
trust,0.6580385215748105,1521,2479,1534,0.5971316818774446
mode,0.6718787592419574,2372,1628,2304,0.5967881944444444
existing,0.6725115878091619,690,3310,2427,0.5949732179645653
kind,0.6184880367399193,1165,2835,455,0.5934065934065934
cause,0.6365184955884212,2089,1911,739,0.5926928281461434
property,0.6476871291684403,2067,1933,1017,0.591937069813176
officers,0.6386151623834109,2779,1221,822,0.5900243309002433
so,0.5708918090248496,1315,2685,56,0.5892857142857143
provide,0.6418932965462677,446,3554,844,0.5888625592417062
infamous,0.7079417477505112,1874,2126,3747,0.5876701361088871
should,0.566339593468613,1741,2259,104,0.5865384615384616
thing,0.6067441649233278,1297,2703,328,0.5853658536585366
acceptance,0.6857294424520671,1176,2824,3335,0.5832083958020989
affect,0.6700098247089402,702,3298,2427,0.5830243098475484
new hampshire,0.6840940435678581,2523,1477,3266,0.5820575627679119
foregoing,0.7024185167312653,3589,411,3819,0.5815658549358471
president,0.6072703804861487,1045,2955,378,0.5793650793650794
bills,0.6580460250272923,2266,1734,1869,0.5789192081326913
dollars,0.6437806784283365,2310,1690,1030,0.5786407766990291
life,0.5684343837641076,826,3174,159,0.5786163522012578
their,0.5687068081939471,1467,2533,45,0.5777777777777777
governing,0.6978517847074506,943,3057,3866,0.5775995861355406
authors,0.6701462910321873,717,3283,2629,0.5766451122099657
house,0.5753332407499778,1558,2442,174,0.5747126436781609
themselves,0.6139590113551368,1703,2297,493,0.5740365111561866
guarantee,0.6905291836607451,539,3461,3690,0.573170731707317
committed,0.6558946074449581,2183,1817,1836,0.5729847494553377
bail,0.6964326509192241,1982,2018,3828,0.5726227795193313
requisite,0.6944631645606715,3179,821,3833,0.5713540307852857
claiming,0.6931289597185935,899,3101,3808,0.570640756302521
admit,0.6654187309103181,1962,2038,2445,0.5705521472392638
assemble,0.700235472184812,1859,2141,3801,0.5695869508024204
regulation,0.672612483839338,1088,2912,2942,0.5690006798096533
foreign,0.6360593194875013,1489,2511,909,0.5687568756875687
absence,0.665833472585513,1297,2703,2548,0.564756671899529
facto,0.7209867763375505,588,2167,2950,0.5627118644067797
during,0.5858974480336444,614,3386,251,0.5617529880478087
vessels,0.6532489242125508,3366,634,1788,0.5615212527964206
meeting,0.6349374327423731,1509,2491,960,0.5604166666666667
alone,0.6352589488987828,961,3039,901,0.5593784683684795
together,0.6103025945335186,933,3067,451,0.5587583148558758
all,0.5617743345671642,1388,2612,52,0.5576923076923077
affirm,0.7045768965842094,2534,1466,3548,0.5555242390078917
commerce,0.6533021338068651,2718,1282,1883,0.5544344131704726
given,0.6036044106151522,1668,2332,386,0.5544041450777202
district,0.6415807324858457,956,3044,1172,0.552901023890785
returns,0.6616395356749165,1445,2555,2527,0.5524337158686189
order,0.6017363396147026,1962,2038,373,0.5522788203753352
good,0.5596357095220867,1358,2642,116,0.5517241379310345
compulsory,0.7418634690838402,230,1197,1767,0.5472552348613469
establishment,0.6608642168562928,2105,1895,2606,0.5471987720644667
acts,0.6520347856329364,2229,1771,1921,0.5434669442998439
peace,0.6282689495595879,2619,1381,783,0.5427841634738186
felony,0.6984677415986261,1734,2266,3664,0.5425764192139738
others,0.5983249842925769,1352,2648,356,0.5421348314606742
solemnly,0.7026617219528841,2796,1146,3485,0.5411764705882353
desire,0.6418658752410394,2052,1948,1464,0.5396174863387978
try,0.6299129898179875,342,3658,852,0.5375586854460094
branch,0.6562031400431024,1782,2218,2528,0.5363924050632911
between,0.5625145115754399,820,3180,155,0.535483870967742
new jersey,0.6558056005746622,2156,1844,2467,0.535468179975679
grievances,0.6970235464416262,2736,1264,3606,0.5352190793122573
states,0.6072408487392479,2026,1974,512,0.53515625
bound,0.6498451029377271,2328,1672,1945,0.5347043701799485
admiralty,0.6903917691336084,3728,272,3778,0.5346744309158284
domestic,0.6567600084697347,478,3522,2619,0.5345551737304315
privileged,0.6984477051685463,502,3498,3526,0.5328984685195689
fact,0.6089861309780271,434,3566,582,0.5309278350515464
case,0.5948492937469249,1511,2489,319,0.5297805642633229
age,0.6053791099146559,778,3222,534,0.5280898876404494
original,0.6377673140940019,1085,2915,1404,0.5277777777777778
justice,0.625617722145305,2006,1994,929,0.527448869752422
our,0.5410221401205979,1751,2249,74,0.527027027027027
petition,0.6495645379281823,3602,398,2091,0.5265423242467718
out,0.5660039890576928,596,3404,57,0.5263157894736842
having,0.5949272458857607,1932,2068,333,0.5255255255255256
answer,0.6238164141136383,1771,2229,786,0.5254452926208651
included,0.6357172169220745,315,3685,1322,0.5242057488653555
effect,0.6234502847617125,1347,2653,815,0.5226993865030675
impeachment,0.6930854305257227,2453,1547,3613,0.5220038748962081
with,0.5694556946337113,1087,2913,23,0.5217391304347826
session,0.6501149328147589,1695,2305,2220,0.5216216216216216
ports,0.663230633312306,3101,899,3190,0.5203761755485894
may,0.539797806152982,2081,1919,79,0.5189873417721519
profit,0.6555164456575593,1027,2973,2665,0.5181988742964353
public use,0.7577826156809774,523,262,992,0.5181451612903226
contracted,0.6798162706885799,2431,1569,3833,0.518132011479259
inspection,0.6736823440456158,1508,2492,3727,0.5162328950898847
respect,0.6251549915342406,2524,1476,866,0.5161662817551963
imminent,0.692575335331837,929,3071,3524,0.5150397275822929
speaker,0.6573034887499957,1522,2478,2923,0.5148819705781731
favor,0.6284184423665495,2781,1219,1150,0.5147826086956522
virginia,0.6336517713209542,2150,1850,1319,0.5140257771038665
forfeiture,0.7025484584772387,2716,398,3147,0.5128693994280267
question,0.6046904647458603,1105,2895,585,0.5128205128205128
corruption,0.6647784970487185,1496,2504,3360,0.512797619047619
admitted,0.6513154294354214,2022,1978,2506,0.5111731843575419
counsel,0.6626520768932067,1473,2527,3254,0.5107559926244623
liable,0.6629576525912321,3405,595,3277,0.5102227647238328
department,0.6203707088079937,788,3212,789,0.5095057034220533
prejudice,0.6727996490578753,2396,1604,3772,0.5092788971367974
criminal,0.6483929775220274,892,3108,2353,0.5091372715682108
advice,0.6411169294712158,1640,2360,1859,0.507799892415277
exceeding,0.6647395917976555,3475,525,3398,0.5073572689817539
certificates,0.6626928147584075,3434,566,3315,0.5064856711915535
authority,0.6219757428400214,2514,1486,908,0.5055066079295154
duty,0.6251780544984906,3063,937,1095,0.5031963470319635
militia,0.6479085388119629,3524,476,2429,0.5022643062988884
reconsidered,0.7517063579624215,325,573,1125,0.5022222222222222
end,0.5905958164918106,842,3158,323,0.5015479876160991
appointments,0.672414102209593,1956,2044,3834,0.4945226917057903
controversy,0.6619914816009417,1261,2739,3463,0.4909038406006353
searches,0.6846091315006221,310,3690,3563,0.490036486107213
informed,0.6344851855199222,2640,1360,1745,0.4899713467048711
maryland,0.6419960575934401,2330,1670,2251,0.48956019546868057
holding,0.6322018255534967,651,3349,1596,0.4893483709273183
whereof,0.6668943279967348,3950,50,3779,0.4874305371791479
call,0.5962452496904146,742,3258,499,0.48697394789579157
this,0.5590868213949183,1438,2562,37,0.4864864864864865
absent,0.661734821510222,1800,2200,3508,0.4846066134549601
full,0.5953095435492848,1109,2891,483,0.4824016563146998
posterity,0.6716490207027738,3570,430,3809,0.48096613284326595
over,0.5427201794207227,511,3489,104,0.4807692307692308
demand,0.6332652628395523,1329,2671,1762,0.4807037457434733
signed,0.6363454431099692,1303,2697,1938,0.4803921568627451
as,0.5688211315727448,1190,2810,25,0.48
navy,0.6474302408245828,1222,2778,2783,0.4786201940352138
law,0.5828078623004508,1775,2225,322,0.4782608695652174
laid,0.6223823171282112,2871,1129,1219,0.4782608695652174
private,0.6114108361266429,1201,2799,792,0.4772727272727273
naval,0.6558866676838854,2402,1598,3361,0.4769413864921154
providence,0.647140958136103,3383,617,2872,0.4752785515320334
election,0.6305806831606465,1150,2850,1713,0.475189725627554
determined,0.628255351686855,1796,2204,1641,0.47471054235222426
quorum,0.7070722895409669,1699,244,2305,0.4741865509761388
notwithstanding,0.6460376906487576,3470,530,2880,0.4722222222222222
reprieves,0.8157431432546428,134,24,195,0.4717948717948718
value,0.612414421504736,1125,2875,939,0.47177848775292863
devolve,0.7688798958366606,337,182,655,0.4717557251908397
revision,0.6781025934323963,1073,2927,3633,0.4715111478117259
suffrage,0.7061551080176817,1201,743,2306,0.47007805724197743
which,0.5544781526804275,2166,1834,49,0.46938775510204084
consideration,0.6265360808884999,3139,861,1637,0.468540012217471
nature,0.596006825743782,1945,2055,588,0.467687074829932
only,0.5392547049683101,962,3038,92,0.4673913043478261
regulated,0.6630355879590122,1725,2275,3826,0.46732880292733925
representative,0.6457573052833312,965,3035,2931,0.46673490276356194
majority,0.6239789897467927,1028,2972,1570,0.4662420382165605
debate,0.635200596567087,704,3296,2086,0.46596356663470756
numerous,0.6375981833909503,1445,2555,2288,0.4659090909090909
writs,0.685011606076752,3196,51,3213,0.4649859943977591
sealed,0.662932568234425,1244,2756,3838,0.4648254299114122
water,0.5776218333133817,704,3296,297,0.46464646464646464
respective,0.6440297538958429,3012,988,2786,0.4637473079684135
claim,0.6260334140951045,1471,2529,1672,0.46351674641148327
determine,0.6277978155704741,1178,2822,1738,0.46317606444188725
delay,0.6416919527599365,2154,1846,2642,0.4621498864496594
emit,0.7076663278697654,455,1351,2177,0.46164446485989896
letters,0.6175851621240667,2307,1693,1212,0.4612211221122112
north carolina,0.639969363583861,1787,2213,2614,0.45983167559296095
bankruptcies,0.741375163319665,198,460,833,0.4597839135654262
maritime,0.6723606145708643,1988,2012,3717,0.45977939198278184
place,0.5602893051235144,1389,2611,206,0.4563106796116505
proportion,0.63409049272743,2711,1289,2250,0.45511111111111113
prescribed,0.6594082330166127,2149,1851,3742,0.4548369855692143
blood,0.6102945151184069,985,3015,895,0.4547486033519553
appointment,0.638694460398662,2692,1308,2591,0.4542647626399074
land,0.5909505433845426,1864,2136,506,0.4525691699604743
nations,0.6152719353259255,2146,1854,1205,0.45145228215767635
oath,0.6415485297562679,3491,509,2839,0.4508629799225079
indian,0.619456199928781,1253,2747,1564,0.44884910485933505
proposed,0.6190773454019929,1994,2006,1504,0.4461436170212766
south carolina,0.6402044639821408,2566,1434,2898,0.44582470669427193
from,0.5548814962874735,1294,2706,36,0.4444444444444444
next,0.5600676782564632,1046,2954,250,0.444
qualifications,0.6647256119158561,2227,1773,3761,0.44376495612868916
representatives,0.6267821401673696,2831,1169,1890,0.4433862433862434
certify,0.6780385585600738,2631,612,3212,0.4417808219178082
buildings,0.6315427673268614,872,3128,2284,0.4413309982486865
disagreement,0.6737847164885075,767,2947,3424,0.44100467289719625
persons,0.6045525639354318,3369,631,778,0.44087403598971725
square,0.6207968672526246,518,3482,1682,0.4393579072532699
pennsylvania,0.6217090362224125,2769,1231,1727,0.438332368268674
concur,0.6715902970041536,3334,609,3485,0.43730272596843617
controversies,0.6824919356839875,1299,1406,2920,0.4366438356164384
imports,0.6567860514556126,1397,2603,3841,0.43660505076802913
chosen,0.6275285888949826,1896,2104,2096,0.4360687022900763
proceedings,0.6337375822709796,3079,921,2618,0.43506493506493504
authorized,0.6377156170855501,3120,880,2863,0.4338106880894167
removal,0.6464671537170629,1823,2177,3408,0.43339201877934275
contracts,0.6438979518622888,869,3131,3274,0.4331093463653024
rights,0.6029884432350915,1193,2807,838,0.4307875894988067
regulations,0.6324911050709655,1615,2385,2554,0.4303054032889585
open,0.5826157297310849,617,3383,441,0.42857142857142855
against,0.554397749801412,1446,2554,194,0.42783505154639173
under,0.5514868463679825,1710,2290,180,0.42777777777777776
silver,0.6240526041763612,1165,2835,1948,0.42761806981519507
well,0.5388344939659009,1093,2907,110,0.42727272727272725
whom,0.5916001977195651,2572,1428,651,0.4270353302611367
unusual,0.6360618620986784,392,3608,2939,0.42463422932970396
transmit,0.650402440524235,3107,893,3731,0.4242830340391316
first,0.5274581499591872,810,3190,99,0.42424242424242425
disqualification,0.7523568865015414,313,152,585,0.4239316239316239
form,0.5911882600943289,1277,2723,647,0.4234930448222566
rhode island,0.6425871322677715,3106,894,3356,0.4231227651966627
proper,0.6031602363136022,3069,931,959,0.42231491136600624
treaty,0.6126391792147077,3258,742,1538,0.4213263979193758
large,0.576175568809671,1003,2997,380,0.42105263157894735
stated,0.6281459327762337,1481,2519,2461,0.4205607476635514
arming,0.6931271762233654,1221,639,2221,0.4205312922107159
held,0.5950055122523364,893,3107,697,0.42037302725968434
army,0.5996101361157634,2223,1777,780,0.41923076923076924
ourselves,0.6200757752249197,2027,1973,1899,0.41706161137440756
liberty,0.6095761750997647,3299,701,1264,0.41693037974683544
grand jury,0.6647108789657533,1411,2589,3527,0.41650127587184577
employed,0.6210930271596431,2479,1521,1972,0.4132860040567951
arrest,0.6390602092836153,825,3175,3339,0.4126984126984127
officer,0.6025943167593287,2098,1902,1114,0.4111310592459605
engage,0.6297636735231334,1342,2658,2698,0.407709414381023
mentioned,0.6067165971880725,2817,1183,1260,0.40634920634920635
massachusetts,0.6225617194360763,2283,1717,2189,0.4061215166742805
court,0.565450654812556,2181,1819,335,0.4059701492537313
carrying,0.6214337358790564,1367,2633,2163,0.4054553860379103
rules,0.6102660809474374,949,3051,1483,0.4052596089008766
after,0.5240683562671451,927,3073,99,0.40404040404040403
approved,0.6264651212131088,1466,2534,2583,0.4037940379403794
actual,0.6214434040230016,813,3187,2249,0.4019564250778124
payment,0.6177763394732102,2954,1046,1934,0.40020682523267836
an,0.5365595033345112,1037,2963,45,0.4
best,0.5582536112376941,996,3004,275,0.4
disorderly,0.6861156349457721,1258,622,2240,0.39955357142857145
judges,0.6217214090340725,2224,1776,2397,0.3971631205673759
troops,0.6051646396533192,2560,1440,1317,0.39711465451784356
within,0.5635748432814806,1405,2595,326,0.39570552147239263
raising,0.6221392122993187,1213,2787,2459,0.3944692964619764
member,0.6044088158410889,938,3062,1279,0.3940578577013292
judge,0.6016467476516469,1958,2042,1199,0.39282735613010844
amendment,0.6230610292191922,1606,2394,2556,0.3908450704225352
enumeration,0.6856986031369222,1543,225,2146,0.39002795899347625
plantations,0.6446369935692745,3122,878,3824,0.3899058577405858
have,0.5359589296752645,1371,2629,36,0.3888888888888889
produce,0.6039164417429206,1594,2406,1366,0.38799414348462663
speech,0.6101544654390793,846,3154,1746,0.38717067583046966
places,0.5988391344742512,1432,2568,1170,0.38632478632478634
compensation,0.6286057443966612,2039,1961,3053,0.3858499836226662
accordingly,0.6236538304385837,3025,975,2662,0.38580015026296016
legislative,0.6246839587726596,2054,1946,2752,0.3851744186046512
parts,0.5976954811242655,1807,2193,1071,0.38468720821662
at,0.553988650873931,927,3073,34,0.38235294117647056
will,0.5313742464637456,1665,2335,55,0.38181818181818183
inventors,0.6982071295744724,183,971,1439,0.38082001389854064
reserved,0.6349302476814298,1532,2468,3551,0.3804562095184455
time,0.5184310982087342,1127,2873,71,0.38028169014084506
charged,0.6161466925103901,1436,2564,2214,0.3771454381210479
suspended,0.6334011307775378,1314,2686,3489,0.3763255947262826
qualification,0.6643957986050903,1544,1093,2875,0.37426086956521737
senate,0.600559751771774,2183,1817,1356,0.37389380530973454
expenditures,0.6425595330186904,1453,2547,3802,0.3729615991583377
religious,0.5987649420701223,892,3108,1267,0.372533543804262
senators,0.6368072939844469,1709,2291,3763,0.3723093276640978
each,0.534821839173711,963,3037,156,0.3717948717948718
period,0.5945771386258903,919,3081,1037,0.3712632594021215
agreement,0.6103732891100406,754,3246,1895,0.3704485488126649
names,0.6065980766270208,1226,2774,1724,0.3700696055684455
citizen,0.620280707118271,2036,1964,2771,0.36809815950920244
pay,0.5687476986856821,1890,2110,499,0.3667334669338677
emoluments,0.6721249578993685,1948,25,2340,0.3658119658119658
elections,0.6192451578746291,897,3103,2916,0.36385459533607684
invasions,0.6788216162017165,697,847,1911,0.3626373626373626
excises,0.711178177943741,632,28,836,0.3624401913875598
removed,0.6110310826329013,1531,2469,2069,0.36152730787820203
forth,0.6058517495350423,2094,1906,1837,0.3603701687534023
once,0.5586506959465302,655,3345,333,0.36036036036036034
witnesses,0.6241821982364419,1987,2013,3275,0.35908396946564886
bear,0.6041260319414813,1555,2445,1723,0.3586767266395821
trial,0.6012592956451859,1445,2555,1641,0.3570993296770262
resignation,0.6334028060809008,2160,1840,3863,0.3561998446803003
required,0.5923381322350001,1495,2505,1074,0.35567970204841715
connecticut,0.6165041129836143,2462,1538,2680,0.3541044776119403
invasion,0.6264053997738658,1149,2851,3499,0.35324378393826805
jeopardy,0.6657105951601889,300,1863,2495,0.35190380761523044
vacated,0.6840392620939324,463,889,1676,0.35143198090692124
cases,0.5870112318669044,1284,2716,839,0.3504171632896305
otherwise,0.5968689073270915,1875,2125,1541,0.34977287475665153
shall,0.5278957872535878,3837,163,146,0.3493150684931507
follows,0.6104252813226143,1669,2331,2312,0.3477508650519031
contrary,0.6039460687915118,3011,989,1876,0.34701492537313433
granted,0.6066399769593143,2619,1381,1986,0.3469284994964753
created,0.5962871650921897,385,3615,1438,0.3463143254520167
any,0.5125456591145601,2340,1660,81,0.345679012345679
heads,0.6062733533039896,988,3012,1980,0.34494949494949495
testimony,0.6144919374109384,2078,1922,2901,0.34298517752499136
paid,0.5803369304160931,2290,1710,792,0.3409090909090909
secrecy,0.6371296014824529,1745,2255,3732,0.3408360128617363
meet,0.5875753935630829,1215,2785,960,0.340625
particular,0.5801712384025463,1690,2310,797,0.34002509410288584
gold,0.5956280068607246,867,3133,1519,0.3396971691902567
discoveries,0.6332440217409068,1541,2459,3808,0.3395483193277311
comfort,0.6116026128500933,1380,2620,2629,0.3389121338912134
before,0.5169302173474809,1325,2675,104,0.33653846153846156
religion,0.5931234536278878,2132,1868,1447,0.33517622667588115
assistance,0.6052994189584658,1719,2281,2067,0.3347847121432027
pursuance,0.638461648174246,3976,24,3637,0.33461644212262853
purposes,0.6053987390214272,2211,1789,2147,0.33395435491383324
territory,0.6102791091940619,1723,2277,2591,0.3338479351601698
sole,0.6188170688096988,1650,2350,3401,0.3337253748897383
courts,0.5975387207881993,2238,1762,1778,0.3329583802024747
indians,0.5972188558537517,2512,1488,1767,0.3322014714204867
opinion,0.5863485307779626,2797,1203,1014,0.32938856015779094
citizens,0.5912190425038446,2191,1809,1292,0.32894736842105265
ordain,0.670821793677285,1336,155,1851,0.3273905996758509
called,0.546271468719758,1014,2986,309,0.3268608414239482
receipts,0.6298532897447707,2671,1329,3801,0.3267561168113654
laws,0.5773748741949698,2572,1428,871,0.3237657864523536
probable,0.6143071739397593,3112,888,3200,0.3228125
repassed,0.7969467702775752,94,3,118,0.3220338983050847
death,0.5603381018878607,1420,2580,564,0.32092198581560283
insurrections,0.6889650730839005,842,95,1172,0.32081911262798635
return,0.5641751041143347,1782,2218,676,0.31952662721893493
senator,0.6131384672034252,424,3576,3203,0.3190758663752732
impeachments,0.7030580431626675,572,11,741,0.3184885290148448
needful,0.654298819653499,2051,126,2508,0.31738437001594894
papers,0.5893018138438207,2603,1397,1413,0.31634819532908703
consent,0.6035965191012002,2712,1288,2487,0.31403297145154807
inhabitant,0.6346262346674467,3362,309,3412,0.3071512309495897
taxes,0.5941267545838086,1741,2259,1855,0.3067385444743935
inability,0.6184364077088387,1038,2962,3828,0.30642633228840127
tranquility,0.623107642949134,3257,743,3802,0.3058916359810626
different,0.5484747003733887,830,3170,337,0.3056379821958457
subsequent,0.6054097507097569,1147,2853,2981,0.30124119423012413
relating,0.6139372299451333,2305,1695,3592,0.3012249443207127
likewise,0.5995006481229761,2852,1148,2480,0.3008064516129032
ambassadors,0.6374978183472212,2020,931,3070,0.3006514657980456
clear,0.5708873127157412,633,3367,813,0.3001230012300123
useful,0.5930621573797223,1645,2355,1869,0.2990904226859283
bribery,0.6588385860781532,686,1111,2168,0.2988929889298893
construed,0.6321413193867835,2454,1203,3408,0.29870892018779344
presented,0.5898630692938696,1173,2827,1731,0.29693818601964184
occasions,0.6069583789917163,2240,1760,3199,0.2960300093779306
made,0.511215460184656,1504,2496,105,0.29523809523809524
king,0.5639446642525291,2099,1901,740,0.2945945945945946
published,0.585922257935963,984,3016,1525,0.2904918032786885
but,0.5047339359578882,1069,2931,38,0.2894736842105263
had,0.5127347412762377,923,3077,45,0.28888888888888886
ratification,0.6242246417402639,2888,1112,3589,0.2875452772359989
objections,0.6111771866714091,2900,1100,3636,0.28657865786578657
what,0.5149635699538703,758,3242,56,0.2857142857142857
imposed,0.6048974770179677,1575,2425,3294,0.2856709168184578
choosing,0.6088527091652159,883,3117,3552,0.28519144144144143
reconsider,0.6393107009391628,548,1702,2576,0.28377329192546585
exports,0.6115717750630009,1224,2776,3814,0.28290508652333507
certain,0.5512337369751006,1801,2199,644,0.2826086956521739
reexamined,0.7383221418564487,60,190,321,0.2803738317757009
excessive,0.6097683003726612,1154,2846,3742,0.27899518973810794
delaware,0.5981191540249856,3204,796,2845,0.27838312829525486
necessary,0.5491580005131432,2540,1460,624,0.27724358974358976
temporary,0.6007432021732849,1332,2668,3160,0.27689873417721517
times,0.5435717513679132,723,3277,386,0.27461139896373055
executed,0.6018648181334671,2633,1367,3311,0.27393536695862275
among,0.5280103048614845,1192,2808,297,0.2727272727272727
think,0.511909122178546,938,3062,165,0.2727272727272727
vote,0.5846998729672753,1182,2818,1739,0.2719953996549741
previously,0.5938016469841997,711,3289,2509,0.27182144280589876
execute,0.603831385297848,3178,822,3532,0.2715175537938845
levying,0.6499490640539178,1659,116,2152,0.2690520446096654
discharged,0.6031893332917108,3303,697,3579,0.26599608829281923
particularly,0.5704662909322393,1242,2758,1029,0.2653061224489796
tribunals,0.6507067568213978,1066,490,1922,0.2648283038501561
enjoy,0.5860737750403311,1411,2589,1900,0.2631578947368421
consuls,0.6218867937841888,3549,125,3413,0.26281863463228833
inferior,0.6022556517368318,2852,1148,3603,0.2617263391618096
either,0.5442886612212366,1591,2409,516,0.2616279069767442
conviction,0.5989562635759035,1947,2053,3355,0.2608047690014903
ever,0.5287337745304109,1379,2621,334,0.26047904191616766
found,0.513322841328635,979,3021,242,0.2603305785123967
votes,0.5922967718322144,1611,2389,2903,0.2576644850155012
ministers,0.5937984487122664,3169,831,2756,0.2572568940493469
privilege,0.5999067088322709,2258,1742,3468,0.2569204152249135
blessings,0.6021733359772453,3318,682,3722,0.2557764642665234
least,0.5334186322632019,961,3039,399,0.2556390977443609
ships,0.5860308867229674,2628,1372,2061,0.2552159146045609
felonies,0.6612963911269575,543,491,1294,0.2527047913446677
jury,0.5920667734569882,1902,2098,2823,0.25256818986893376
houses,0.5744919142014033,1848,2152,1576,0.25253807106598986
lay,0.5718419894156586,1835,2165,1272,0.25157232704402516
agree,0.5773834768685246,1511,2489,1836,0.2510893246187364
reconsideration,0.664407771494291,473,411,1108,0.2509025270758123
impartial,0.6121600914785255,3059,941,3672,0.25054466230936817
executing,0.6147312216396458,2829,1171,3504,0.2502853881278539
his,0.5157153599609059,1199,2801,32,0.25
to,0.5218348122970771,1292,2708,4,0.25
penalties,0.6014506132599694,2159,1841,3743,0.24953246059310713
happen,0.573257727989818,831,3169,1532,0.24934725848563968
pardons,0.6655178147480554,528,286,1026,0.24853801169590642
rule,0.5732298452945218,1324,2676,1533,0.24853228962818003
actually,0.5624074052667752,379,3621,987,0.24822695035460993
calling,0.5811232449004309,793,3207,1943,0.24704065877509007
enter,0.5764474834178168,1846,2154,1804,0.2466740576496674
rebellion,0.6018883129080682,1976,2024,3834,0.2454355764214919
several,0.5184467809318273,1520,2480,322,0.2453416149068323
alter,0.5970587621551712,1774,2226,3466,0.24523946912867858
second,0.5201076251228106,795,3205,331,0.24471299093655588
thereby,0.5900791274734333,2258,1742,2777,0.24378826071299964
divided,0.5854419742463056,1711,2289,2477,0.24303593056116268
where,0.5096029418484342,1016,2984,103,0.24271844660194175
voted,0.5928512031105648,1203,2797,3234,0.24211502782931354
convened,0.615881626041794,1953,1532,3342,0.24207061639736685
be,0.5248762848447127,1955,2045,29,0.2413793103448276
until,0.5126226137148887,736,3264,307,0.24104234527687296
obligation,0.594558055512285,2191,1809,3367,0.24086724086724087
indictment,0.6087954698891146,1396,2604,3645,0.23731138545953362
manner,0.5546305199814268,3154,846,885,0.23502824858757063
redress,0.6023622875887774,3286,714,3763,0.2346532022322615
entitled,0.5815758813321142,2904,1096,2354,0.23322005097706033
amendments,0.5943236626066813,2827,1173,3565,0.23281907433380084
established,0.5694962983683975,1463,2537,1512,0.23214285714285715
taxed,0.6090073895528925,2685,1315,3503,0.2320867827576363
freedom,0.5709417016945307,1240,2760,1590,0.2320754716981132
define,0.5931685367766174,261,3739,3466,0.2316791690709752
faith,0.5643303302661531,1786,2214,1366,0.23133235724743778
witness,0.586296941944619,1746,2254,2766,0.23101952277657267
reserving,0.6332674124055451,1029,789,2186,0.23055809698078683
roads,0.5860856569943154,1479,2521,2742,0.22939460247994164
secure,0.5801026437453919,1994,2006,2296,0.22865853658536586
apportioned,0.6574709909352399,851,145,1248,0.2283653846153846
drawn,0.571633823705393,1828,2172,1825,0.2241095890410959
clauses,0.6138201643886152,1434,1402,3003,0.22377622377622378
promote,0.5788803077850105,1443,2557,2450,0.22244897959183674
breach,0.5945957536917732,2611,1389,3809,0.22210553951168285
supported,0.5764155986819969,1236,2764,2182,0.22043996333638863
privileges,0.5868506897551902,3097,903,3327,0.218214607754734
judgment,0.5667775162474499,2723,1277,1659,0.21820373719107897
inflicted,0.6039465650966628,1943,2018,3491,0.21741621311945
judicial,0.5866632445855142,1628,2372,3319,0.21723410665863213
prior,0.5757312020082569,477,3523,2422,0.2138728323699422
imposts,0.6410965995980437,1257,11,1586,0.2137452711223203
importation,0.5973572763464303,3534,466,3754,0.2136387852956846
exceptions,0.5927066371242289,1292,2708,3827,0.2106088319832767
absolutely,0.5754249756639477,1448,2552,2505,0.2087824351297405
violated,0.5911740954648458,1352,2648,3838,0.20739968733715478
powers,0.5584254141898357,2706,1294,1473,0.20706042090970808
seized,0.5804219357928655,2488,1512,3135,0.20637958532695375
pass,0.5548284213912199,1407,2593,1210,0.2049586776859504
repel,0.6110036119034367,1592,694,2602,0.20445810914681015
escaping,0.6043457575685599,842,2390,3204,0.20318352059925093
fines,0.5891044404217198,2318,1682,3827,0.20250849229161222
been,0.5062604431458397,1246,2754,55,0.2
attainder,0.6600818631241978,541,116,832,0.19831730769230768
passed,0.540147562330137,1922,2078,895,0.19776536312849163
recommend,0.5767460830980871,2123,1877,3042,0.19756738987508218
confederation,0.5875197654456488,3530,470,3819,0.19691018591254256
appointed,0.554280222870236,3359,641,1340,0.1962686567164179
ascertained,0.5896138256998237,3638,362,3774,0.19581346051934287
hundred,0.5336042718616617,2616,1384,766,0.19451697127937337
formed,0.5636771803575791,1911,2089,1878,0.19435569755058574
whose,0.5176322311218436,1481,2519,561,0.19429590017825313
extraordinary,0.5721741849256806,2053,1947,2692,0.18907875185735512
hold,0.538451742040034,1021,2979,928,0.18857758620689655
commander,0.5685516280353187,2315,1685,2549,0.18791683012946253
nominate,0.6008658987024784,1902,711,2855,0.184938704028021
swear,0.5820094723712869,1788,2212,3813,0.1848937844217152
choose,0.557986837256714,1157,2843,1824,0.18475877192982457
attainted,0.6620064700001065,531,7,682,0.18475073313782991
adjourn,0.603696311388233,2126,128,2578,0.18386346004654772
accept,0.5624671775876593,1287,2713,2068,0.18375241779497098
obliged,0.5614302541445327,3677,323,2130,0.1812206572769953
into,0.5028236280991025,874,3126,72,0.18055555555555555
danger,0.5564431273574436,2345,1655,1835,0.1787465940054496
highest,0.5560945350558318,1401,2599,1836,0.1786492374727669
preside,0.6127718045356837,1227,539,2144,0.17817164179104478
describing,0.577570077458518,480,3520,3663,0.17745017745017744
insure,0.5948954457406158,1390,1688,3135,0.17703349282296652
immediately,0.5383039739710191,2157,1843,1003,0.17647058823529413
miles,0.5329077419077924,1286,2714,913,0.17634173055859803
convene,0.6174019293822064,772,615,1717,0.17588817705299942
raise,0.5569973822765686,1167,2833,1859,0.17536309844002151
without,0.5032481902950761,1684,2316,189,0.1746031746031746
offenses,0.5769520588463036,2296,1704,3850,0.17246753246753246
elected,0.5634850869444005,1174,2826,2641,0.17190458159787958
prosecutions,0.605074943696597,1087,867,2319,0.17076326002587322
upon,0.5029398513953653,3246,754,188,0.1702127659574468
entered,0.5522997234542227,1796,2204,1756,0.16970387243735763
debts,0.5635528549384087,3510,490,2704,0.16826923076923078
limb,0.5782330958212545,660,3340,3803,0.1680252432290297
questioned,0.5738429558301003,623,3377,3821,0.16540172729651922
prescribe,0.5920050404951958,1250,1495,2947,0.165252799457075
adding,0.5592421496858088,571,3429,2556,0.16353677621283255
forts,0.5893605478627679,2429,595,3106,0.16162266580811332
no,0.5033335152103102,1332,2668,56,0.16071428571428573
invaded,0.5815418338722127,1528,2472,3528,0.16014739229024944
every,0.4953320569313317,2030,1970,138,0.15942028985507245
except,0.5381650250111971,1570,2430,1164,0.15893470790378006
crimes,0.5608142617262601,1523,2477,2946,0.1571622539035981
sufficient,0.5464930045377883,2929,1071,1576,0.15545685279187818
preserved,0.5659897645067116,2207,1793,3514,0.1553784860557769
more,0.4969409676684436,777,3223,58,0.15517241379310345
disparage,0.6700177784332472,86,286,473,0.1543340380549683
counted,0.5688341531804598,639,3361,3748,0.15288153681963715
intents,0.5876382565677317,2158,325,2764,0.15267727930535455
throughout,0.5431345140796123,504,3496,1492,0.15080428954423591
put,0.4915974210720705,1112,2888,300,0.15
become,0.4903849303219007,808,3192,442,0.14705882352941177
misdemeanors,0.6149367102947256,587,414,1253,0.14684756584197925
returning,0.5557324761317407,1252,2748,2735,0.146617915904936
proposing,0.5757861885735751,1631,2369,3516,0.14590443686006827
arising,0.5638214230316697,3281,719,3581,0.14521083496230103
diminished,0.5667774461725446,1398,2602,3826,0.1447987454260324
concerning,0.5512892515911038,2518,1482,2255,0.14456762749445676
excluding,0.5789868180586853,848,2547,3292,0.143681652490887
proceed,0.5515588048124846,3205,795,2398,0.14345287739783152
accusation,0.5797024723825501,1662,1638,3242,0.14342998149290562
impairing,0.6653761840499511,236,139,476,0.14285714285714285
prevent,0.5380546839292927,2078,1922,1435,0.14285714285714285
year,0.4883065532287638,516,3484,106,0.14150943396226415
constitution,0.5348475877684069,2913,1087,1274,0.141287284144427
writings,0.5620669138475374,1883,2117,3620,0.14116022099447514
fill,0.5500880689822443,1111,2889,2202,0.13896457765667575
flee,0.5718626444904463,993,3007,3526,0.13868406125921726
enemies,0.5498069437319768,2810,1190,2354,0.13636363636363635
cruel,0.5561773438850641,2386,1614,3424,0.1334696261682243
infringed,0.6203173963360569,488,264,952,0.1334033613445378
nobility,0.5686547935383452,2732,1268,3523,0.13142208345160375
was,0.48000548406499244,806,3194,23,0.13043478260869565
fled,0.5560044689696332,1444,2556,3580,0.12960893854748604
whatever,0.5188644375127544,1430,2570,1160,0.12844827586206897
equal,0.5324778137918857,2271,1729,1538,0.12743823146944083
ratifying,0.6241925445382026,465,180,818,0.12591687041564792
confession,0.5567077033169555,1771,2229,3823,0.12450954747580434
proved,0.5445569103143469,1732,2268,2293,0.12167466201482774
preserve,0.5472199541750405,1962,2038,2811,0.12095339736748488
treaties,0.5498306278131927,3341,659,3294,0.12082574377656345
searched,0.5539841766195477,531,3469,3822,0.12009419152276295
cession,0.5824238864982832,1746,107,2215,0.11873589164785553
securing,0.5510855256363366,2320,1680,3835,0.11760104302477184
another,0.48668118926887255,851,3149,189,0.1164021164021164
tribes,0.5496301329448482,1720,2280,3592,0.11553452115812918
dispose,0.5515650192418893,3261,739,3819,0.11547525530243519
faithfully,0.5563757251977879,3063,937,3724,0.11546723952738991
one,0.4803350146413855,905,3095,52,0.11538461538461539
smaller,0.5372833137093098,385,3615,2026,0.11303060217176703
nevertheless,0.543742037530549,1229,2771,2754,0.11292665214233842
my,0.47823385509130706,1323,2677,54,0.1111111111111111
adhering,0.5830634494629311,750,745,1853,0.11063140852671344
keep,0.4708918244700752,744,3256,439,0.10933940774487472
soldier,0.5413118105549474,1695,2305,2801,0.10888968225633702
prince,0.5351122861846733,1977,2023,2251,0.10884051532652154
regulate,0.5471917215655433,2099,1901,3694,0.10882512181916622
punishment,0.5407903272559518,2284,1716,2703,0.1076581576026637
thousand,0.5073025951161555,2603,1397,1156,0.10726643598615918
require,0.5194934918094164,1434,2566,1544,0.10686528497409327
greatest,0.5180173768703451,2255,1745,1479,0.1068289384719405
propose,0.5419590787434816,2475,1525,3463,0.10597747617672539
constitute,0.5442360630530912,1369,2631,3775,0.10331125827814569
establish,0.5341295020891925,1480,2520,2441,0.10282671036460467
treason,0.5460994196180022,3265,735,3778,0.1026998411858126
thirds,0.5409283354873011,1472,2528,3525,0.10184397163120568
legislatures,0.542813566978812,2949,1051,3824,0.10015690376569038
longer,0.4814646288773131,858,3142,839,0.10011918951132301
collect,0.5365985011718194,1311,2689,3156,0.0982256020278834
day,0.4774758076608219,1336,2664,112,0.09821428571428571
returned,0.5074116033415645,1515,2485,1273,0.09819324430479183
unreasonable,0.5470571477676902,2331,1669,3677,0.09817786238781616
delivered,0.5274393761994813,2535,1465,1940,0.0979381443298969
sent,0.4719425410686654,2169,1831,758,0.09762532981530343
publish,0.5409489506713623,1771,2229,3826,0.09644537375849452
borrow,0.5397874022830179,1496,2504,3824,0.09518828451882845
third,0.4651342334684269,933,3067,643,0.09486780715396578
granting,0.5400614152076768,2800,1200,3794,0.09383236689509752
disapproved,0.5731170375109532,805,572,1706,0.09202813599062133
deprived,0.5386804322716201,2754,1246,3794,0.09198734844491302
twice,0.5221042881439606,621,3379,1968,0.09197154471544715
originated,0.5433142600572467,1472,2528,3667,0.0919007362967003
is,0.4672587990620654,1063,2937,22,0.09090909090909091
electors,0.543114668617788,3726,274,3525,0.08907801418439716
taken,0.45552897028976963,2105,1895,402,0.08706467661691543
originate,0.5512419630771442,1096,1093,2521,0.0852836176120587
equally,0.5172338305813102,2120,1880,2069,0.08506524891251813
suppress,0.5371071045626071,1881,2119,3680,0.08233695652173913
approve,0.5298677977796997,2166,1834,3633,0.08202587393338838
maintain,0.5144968636654099,968,3032,2163,0.07905686546463246
nothing,0.4465444605676274,1271,2729,371,0.07547169811320754
attained,0.5334843237895751,2071,1929,3528,0.07454648526077097
immunities,0.5573667554999832,1268,399,2043,0.07440039158100832
delegated,0.5378078984429412,1694,613,2622,0.07398932112890923
protect,0.5094459904890426,533,3467,1944,0.07150205761316872
compelled,0.5266817267485174,2254,1746,3801,0.07077084977637464
when,0.4765237897953789,866,3134,57,0.07017543859649122
jurisdiction,0.5184060580791274,2444,1556,3354,0.06976744186046512
if,0.46876759428779813,1263,2737,58,0.06896551724137931
make,0.46728903450152914,1095,2905,116,0.06896551724137931
extend,0.5119432536628006,1985,2015,2822,0.0673281360737066
prohibited,0.5212004595319868,1911,2089,3820,0.06570680628272252
excepting,0.5257160428329509,3790,210,3550,0.0647887323943662
armies,0.518350801955205,2737,1263,3653,0.06433068710648782
receive,0.4577851536446695,2531,1469,1029,0.06316812439261418
purchased,0.5073494851069456,1717,2283,2945,0.06315789473684211
exported,0.5243787525253997,2895,1105,3625,0.062344827586206894
nor,0.43501571749176904,2659,1341,635,0.06141732283464567
accused,0.5046238171022936,652,3348,3043,0.06046664475846204
erected,0.5178618772937644,2987,1013,3772,0.059915164369035
retained,0.5184162581063239,1641,2359,3835,0.059713168187744456
appoint,0.5073723953810644,3593,407,3203,0.05931938807368092
giving,0.4627553656662259,1312,2688,1241,0.058823529411764705
give,0.44408368367275153,1799,2201,297,0.05723905723905724
declaring,0.5138345197772693,2525,1475,3838,0.05680041688379364
punish,0.5130518321264492,2304,1696,3824,0.05674686192468619
convicted,0.5098984005881764,1035,2965,3659,0.056572834107679694
habeas,0.5374250256524715,963,422,1716,0.055944055944055944
remain,0.4584738766928773,1584,2416,1289,0.05508145849495733
peaceably,0.537504829203988,1142,150,1612,0.05397022332506204
seas,0.5113025826933696,2094,1906,3814,0.05374934452018878
exceed,0.502601073223564,2456,1544,3624,0.052152317880794705
expire,0.512839468057981,1782,1087,3029,0.05183228788379003
expel,0.5257412304318398,715,667,1714,0.049008168028004666
declare,0.4925151734530755,3041,959,3200,0.048125
legislature,0.48149111425037333,2935,1065,2105,0.047505938242280284
fourths,0.5159330391961581,1089,849,2302,0.0473501303214596
unless,0.45129413775699784,1980,2020,1421,0.04574243490499648
punishments,0.5057103719371387,2258,1110,3282,0.04509445460085314
whenever,0.4844745661985559,1520,2480,2482,0.04472199838839645
ratified,0.5019846220113818,2851,1124,3497,0.042036030883614524
seven,0.3834089876823503,1262,2738,842,0.040380047505938245
eight,0.38218353110086145,1023,2977,934,0.03854389721627409
take,0.44170082185253956,1192,2808,159,0.03773584905660377
defend,0.4679119492671489,1769,2231,3013,0.036508463325589116
neither,0.4128444321316374,1782,2218,1280,0.0359375
monday,0.44126998347600177,1352,2648,1743,0.03499713138267355
compel,0.48686948102254385,2882,1118,3599,0.034176160044456796
composed,0.4715514707753007,1829,2171,3275,0.03389312977099237
six,0.35570135291314275,1028,2972,506,0.03359683794466403
days,0.4120729628909341,1159,2841,333,0.03303303303303303
obtaining,0.4749974597420945,2586,1414,3620,0.032044198895027624
deem,0.48101955723972056,3040,773,3451,0.031005505650536076
fourth,0.41928719527905733,1021,2979,1698,0.030624263839811542
elector,0.494086552294163,968,103,1334,0.029985007496251874
nine,0.3701473383709201,1116,2884,1369,0.029218407596785977
sundays,0.47975006856572106,387,3613,3803,0.0291874835656061
wherein,0.46441064672354954,3507,493,3463,0.028587929540860525
deny,0.45526242353532265,1777,2223,3245,0.02835130970724191
consist,0.46929552359126503,2742,1258,3794,0.0279388508170796
not,0.46473293944842015,1343,2657,37,0.02702702702702703
prohibiting,0.46544238243127445,1067,1465,2802,0.025339043540328336
tempore,0.5646812127318795,293,66,455,0.024175824175824177
five,0.38202590161543065,869,3131,332,0.024096385542168676
fifth,0.39776771723103704,1023,2977,2285,0.022757111597374178
sixth,0.40664071095082766,1164,2836,2944,0.020040760869565216
years,0.42375001391738343,609,3391,106,0.018867924528301886
four,0.36790429340696296,854,3146,292,0.017123287671232876
fifths,0.4649410009401104,609,648,1573,0.01652892561983471
abridging,0.5430553654750989,201,64,339,0.014749262536873156
december,0.34154267186936377,1653,2347,1672,0.01375598086124402
three,0.380710252208551,868,3132,146,0.0136986301369863
two,0.4110776732909427,899,3101,85,0.011764705882352941
ninth,0.38124127671046343,1168,2832,3648,0.009594298245614035
ten,0.3052281970629239,1557,2443,951,0.0031545741324921135
twenty,0.30322819827342207,1838,2162,961,0.002081165452653486
thirty,0.28406646426414156,1610,2390,1723,0.0017411491584445734
fourteen,0.3159435972505866,1799,2201,3657,0.0005468963631391851
a,0.4980621167848748,832,3168,5,0.0
are,0.4483960310149335,1085,2915,38,0.0
the,0.5371909652263192,1226,2774,1,0.0
